{
  "project": {
    "id": 1512051439721,
    "url-identifier": "b/tpettersen/git-merge-distinct",
    "name": "tpettersen/git-merge-distinct",
    "url": "https://lgtm.com/projects/b/tpettersen/git-merge-distinct"
  },
  "columns": [
    "type",
    "ap",
    "pkgName",
    "eventName",
    "cnt"
  ],
  "data": [
    [
      {
        "value": "listen"
      },
      {
        "value": "(return (member exports (module byline)))"
      },
      {
        "value": "byline"
      },
      {
        "value": "data"
      },
      {
        "value": "1"
      }
    ],
    [
      {
        "value": "listen"
      },
      {
        "value": "(return (member spawn (member exports (module child_process))))"
      },
      {
        "value": "child_process"
      },
      {
        "value": "exit"
      },
      {
        "value": "1"
      }
    ]
  ]
}