{
  "project": {
    "id": 1510166336679,
    "url-identifier": "g/4lch4/Tron",
    "name": "4lch4/Tron",
    "url": "https://lgtm.com/projects/g/4lch4/Tron"
  },
  "columns": [
    "type",
    "ap",
    "pkgName",
    "eventName",
    "cnt"
  ],
  "data": [
    [
      {
        "value": "listen"
      },
      {
        "value": "(member connection (member exports (module mongoose)))"
      },
      {
        "value": "mongoose"
      },
      {
        "value": "open"
      },
      {
        "value": "1"
      }
    ],
    [
      {
        "value": "listen"
      },
      {
        "value": "(instance (member CommandoClient (member exports (module discord.js-commando))))"
      },
      {
        "value": "discord.js-commando"
      },
      {
        "value": "error"
      },
      {
        "value": "1"
      }
    ],
    [
      {
        "value": "listen"
      },
      {
        "value": "(instance (member CommandoClient (member exports (module discord.js-commando))))"
      },
      {
        "value": "discord.js-commando"
      },
      {
        "value": "message"
      },
      {
        "value": "1"
      }
    ],
    [
      {
        "value": "listen"
      },
      {
        "value": "(instance (member CommandoClient (member exports (module discord.js-commando))))"
      },
      {
        "value": "discord.js-commando"
      },
      {
        "value": "ready"
      },
      {
        "value": "1"
      }
    ],
    [
      {
        "value": "listen"
      },
      {
        "value": "(instance (member CommandoClient (member exports (module discord.js-commando))))"
      },
      {
        "value": "discord.js-commando"
      },
      {
        "value": "warn"
      },
      {
        "value": "1"
      }
    ],
    [
      {
        "value": "listen"
      },
      {
        "value": "(instance (member CommandoClient (member exports (module discord.js-commando))))"
      },
      {
        "value": "discord.js-commando"
      },
      {
        "value": "commandRun"
      },
      {
        "value": "1"
      }
    ],
    [
      {
        "value": "listen"
      },
      {
        "value": "(instance (member CommandoClient (member exports (module discord.js-commando))))"
      },
      {
        "value": "discord.js-commando"
      },
      {
        "value": "commandError"
      },
      {
        "value": "1"
      }
    ]
  ]
}