{
  "project": {
    "id": 1506248166051,
    "url-identifier": "g/apache/openmeetings",
    "name": "apache/openmeetings",
    "url": "https://lgtm.com/projects/g/apache/openmeetings"
  },
  "columns": [
    "type",
    "ap",
    "pkgName",
    "eventName",
    "cnt"
  ],
  "data": [
    [
      {
        "value": "listen"
      },
      {
        "value": "(instance (member WebRtcPeerSendonly (member WebRtcPeer (member exports (module kurento-utils)))))"
      },
      {
        "value": "kurento-utils"
      },
      {
        "value": "icecandidate"
      },
      {
        "value": "1"
      }
    ],
    [
      {
        "value": "listen"
      },
      {
        "value": "(instance (member WebRtcPeerRecvonly (member WebRtcPeer (member exports (module kurento-utils)))))"
      },
      {
        "value": "kurento-utils"
      },
      {
        "value": "icecandidate"
      },
      {
        "value": "1"
      }
    ]
  ]
}