{
  "project": {
    "id": 1510927180768,
    "url-identifier": "g/atulmy/wispy",
    "name": "atulmy/wispy",
    "url": "https://lgtm.com/projects/g/atulmy/wispy"
  },
  "columns": [
    "type",
    "ap",
    "pkgName",
    "eventName",
    "cnt"
  ],
  "data": [
    [
      {
        "value": "listen"
      },
      {
        "value": "(member connection (member exports (module mongoose)))"
      },
      {
        "value": "mongoose"
      },
      {
        "value": "error"
      },
      {
        "value": "1"
      }
    ],
    [
      {
        "value": "listen"
      },
      {
        "value": "(return (member exports (module socket.io-client)))"
      },
      {
        "value": "socket.io-client"
      },
      {
        "value": "wallSubscribeList"
      },
      {
        "value": "1"
      }
    ],
    [
      {
        "value": "listen"
      },
      {
        "value": "(member default (return (member exports (module socket.io-client))))"
      },
      {
        "value": "socket.io-client"
      },
      {
        "value": "wallSubscribeList"
      },
      {
        "value": "1"
      }
    ]
  ]
}