{
  "project": {
    "id": 1511531677402,
    "url-identifier": "g/anseki/htmlclean-cli",
    "name": "anseki/htmlclean-cli",
    "url": "https://lgtm.com/projects/g/anseki/htmlclean-cli"
  },
  "columns": [
    "type",
    "ap",
    "pkgName",
    "eventName",
    "cnt"
  ],
  "data": [
    [
      {
        "value": "listen"
      },
      {
        "value": "(return (member option (return (member option (return (member option (return (member option (return (member option (return (member option (return (member option (return (member usage (return (member description (return (member version (member exports (module commander))))))))))))))))))))))"
      },
      {
        "value": "commander"
      },
      {
        "value": "--help"
      },
      {
        "value": "1"
      }
    ]
  ]
}