{
  "project": {
    "id": 1506511218378,
    "url-identifier": "g/amio/bbdemo2",
    "name": "amio/bbdemo2",
    "url": "https://lgtm.com/projects/g/amio/bbdemo2"
  },
  "columns": [
    "type",
    "ap",
    "pkgName",
    "eventName",
    "cnt"
  ],
  "data": [
    [
      {
        "value": "listen"
      },
      {
        "value": "(member * (return (member defaults (member exports (module underscore)))))"
      },
      {
        "value": "underscore"
      },
      {
        "value": "all"
      },
      {
        "value": "1"
      }
    ],
    [
      {
        "value": "listen"
      },
      {
        "value": "(instance (member Model (parameter 0 (member extend (member exports (module underscore))))))"
      },
      {
        "value": "underscore"
      },
      {
        "value": "all"
      },
      {
        "value": "1"
      }
    ],
    [
      {
        "value": "listen"
      },
      {
        "value": "(parameter -1 (member Model (parameter 0 (member extend (member exports (module underscore))))))"
      },
      {
        "value": "underscore"
      },
      {
        "value": "all"
      },
      {
        "value": "1"
      }
    ],
    [
      {
        "value": "listen"
      },
      {
        "value": "(instance (member Collection (parameter 0 (member extend (member exports (module underscore))))))"
      },
      {
        "value": "underscore"
      },
      {
        "value": "all"
      },
      {
        "value": "1"
      }
    ],
    [
      {
        "value": "listen"
      },
      {
        "value": "(parameter 0 (member _prepareModel (parameter 2 (member extend (member exports (module underscore))))))"
      },
      {
        "value": "underscore"
      },
      {
        "value": "all"
      },
      {
        "value": "1"
      }
    ],
    [
      {
        "value": "listen"
      },
      {
        "value": "(return (member _prepareModel (instance (member Collection (parameter 0 (member extend (member exports (module underscore))))))))"
      },
      {
        "value": "underscore"
      },
      {
        "value": "all"
      },
      {
        "value": "1"
      }
    ],
    [
      {
        "value": "listen"
      },
      {
        "value": "(instance (member model (instance (member Collection (parameter 0 (member extend (member exports (module underscore))))))))"
      },
      {
        "value": "underscore"
      },
      {
        "value": "all"
      },
      {
        "value": "1"
      }
    ]
  ]
}