{
  "project": {
    "id": 1800101339,
    "url-identifier": "g/adamrenklint/asimov.js",
    "name": "adamrenklint/asimov.js",
    "url": "https://lgtm.com/projects/g/adamrenklint/asimov.js"
  },
  "columns": [
    "type",
    "ap",
    "pkgName",
    "eventName",
    "cnt"
  ],
  "data": [
    [
      {
        "value": "listen"
      },
      {
        "value": "(member exports (module process))"
      },
      {
        "value": "process"
      },
      {
        "value": "message"
      },
      {
        "value": "1"
      }
    ],
    [
      {
        "value": "listen"
      },
      {
        "value": "(member exports (module process))"
      },
      {
        "value": "process"
      },
      {
        "value": "SIGHUP"
      },
      {
        "value": "2"
      }
    ],
    [
      {
        "value": "listen"
      },
      {
        "value": "(member exports (module process))"
      },
      {
        "value": "process"
      },
      {
        "value": "SIGINT"
      },
      {
        "value": "2"
      }
    ],
    [
      {
        "value": "listen"
      },
      {
        "value": "(member exports (module process))"
      },
      {
        "value": "process"
      },
      {
        "value": "SIGTERM"
      },
      {
        "value": "2"
      }
    ],
    [
      {
        "value": "listen"
      },
      {
        "value": "(member exports (module process))"
      },
      {
        "value": "process"
      },
      {
        "value": "exit"
      },
      {
        "value": "2"
      }
    ],
    [
      {
        "value": "listen"
      },
      {
        "value": "(return (member fork (member exports (module child_process))))"
      },
      {
        "value": "child_process"
      },
      {
        "value": "message"
      },
      {
        "value": "1"
      }
    ],
    [
      {
        "value": "listen"
      },
      {
        "value": "(return (member fork (member exports (module child_process))))"
      },
      {
        "value": "child_process"
      },
      {
        "value": "exit"
      },
      {
        "value": "1"
      }
    ],
    [
      {
        "value": "listen"
      },
      {
        "value": "(return (member publicInterface (instance (return (member extend (return (member extend (return (member extend (return (member extend (member Klass (member exports (module asimov-core))))))))))))))"
      },
      {
        "value": "asimov-core"
      },
      {
        "value": "app:started"
      },
      {
        "value": "2"
      }
    ]
  ]
}