{
  "project": {
    "id": 1506719433785,
    "url-identifier": "g/Azure-Samples/SpeechToText-WebSockets-Javascript",
    "name": "Azure-Samples/SpeechToText-WebSockets-Javascript",
    "url": "https://lgtm.com/projects/g/Azure-Samples/SpeechToText-WebSockets-Javascript"
  },
  "columns": [
    "type",
    "ap",
    "pkgName",
    "eventName",
    "cnt"
  ],
  "data": [
    [
      {
        "value": "listen"
      },
      {
        "value": "(return (member exports (module localtunnel)))"
      },
      {
        "value": "localtunnel"
      },
      {
        "value": "close"
      },
      {
        "value": "1"
      }
    ],
    [
      {
        "value": "listen"
      },
      {
        "value": "(parameter 0 (parameter 1 (member request (member exports (module https)))))"
      },
      {
        "value": "https"
      },
      {
        "value": "data"
      },
      {
        "value": "1"
      }
    ],
    [
      {
        "value": "listen"
      },
      {
        "value": "(parameter 0 (parameter 1 (member request (member exports (module https)))))"
      },
      {
        "value": "https"
      },
      {
        "value": "end"
      },
      {
        "value": "1"
      }
    ]
  ]
}