{
  "project": {
    "id": 1510751806613,
    "url-identifier": "g/AMPnet/ampnet-ae-middleware",
    "name": "AMPnet/ampnet-ae-middleware",
    "url": "https://lgtm.com/projects/g/AMPnet/ampnet-ae-middleware"
  },
  "columns": [
    "type",
    "ap",
    "pkgName",
    "eventName",
    "cnt"
  ],
  "data": [
    [
      {
        "value": "listen"
      },
      {
        "value": "(instance (member exports (module ws)))"
      },
      {
        "value": "ws"
      },
      {
        "value": "message"
      },
      {
        "value": "1"
      }
    ],
    [
      {
        "value": "listen"
      },
      {
        "value": "(instance (member exports (module bull)))"
      },
      {
        "value": "bull"
      },
      {
        "value": "error"
      },
      {
        "value": "1"
      }
    ],
    [
      {
        "value": "listen"
      },
      {
        "value": "(instance (member exports (module bull)))"
      },
      {
        "value": "bull"
      },
      {
        "value": "completed"
      },
      {
        "value": "1"
      }
    ],
    [
      {
        "value": "listen"
      },
      {
        "value": "(instance (member exports (module bull)))"
      },
      {
        "value": "bull"
      },
      {
        "value": "failed"
      },
      {
        "value": "1"
      }
    ],
    [
      {
        "value": "listen"
      },
      {
        "value": "(instance (member Server (member exports (module ws))))"
      },
      {
        "value": "ws"
      },
      {
        "value": "connection"
      },
      {
        "value": "1"
      }
    ],
    [
      {
        "value": "listen"
      },
      {
        "value": "(parameter 0 (parameter 1 (member on (instance (member Server (member exports (module ws)))))))"
      },
      {
        "value": "ws"
      },
      {
        "value": "message"
      },
      {
        "value": "1"
      }
    ],
    [
      {
        "value": "listen"
      },
      {
        "value": "(parameter 0 (parameter 1 (member on (instance (member Server (member exports (module ws)))))))"
      },
      {
        "value": "ws"
      },
      {
        "value": "close"
      },
      {
        "value": "1"
      }
    ]
  ]
}