{
  "project": {
    "id": 1801335806,
    "url-identifier": "g/aurelia/i18n",
    "name": "aurelia/i18n",
    "url": "https://lgtm.com/projects/g/aurelia/i18n"
  },
  "columns": [
    "type",
    "ap",
    "pkgName",
    "eventName",
    "cnt"
  ],
  "data": [
    [
      {
        "value": "listen"
      },
      {
        "value": "(return (member exports (module conventional-changelog)))"
      },
      {
        "value": "conventional-changelog"
      },
      {
        "value": "data"
      },
      {
        "value": "1"
      }
    ],
    [
      {
        "value": "listen"
      },
      {
        "value": "(return (member watch (member exports (module rollup))))"
      },
      {
        "value": "rollup"
      },
      {
        "value": "event"
      },
      {
        "value": "1"
      }
    ],
    [
      {
        "value": "listen"
      },
      {
        "value": "(return (member on (return (member exports (module conventional-changelog)))))"
      },
      {
        "value": "conventional-changelog"
      },
      {
        "value": "end"
      },
      {
        "value": "1"
      }
    ]
  ]
}