{
  "project": {
    "id": 116909622,
    "url-identifier": "g/angular/di.js",
    "name": "angular/di.js",
    "url": "https://lgtm.com/projects/g/angular/di.js"
  },
  "columns": [
    "type",
    "ap",
    "pkgName",
    "eventName",
    "cnt"
  ],
  "data": [
    [
      {
        "value": "listen"
      },
      {
        "value": "(return (member pipe (return (member pipe (return (member pipe (return (member src (member exports (module gulp))))))))))"
      },
      {
        "value": "gulp"
      },
      {
        "value": "commit_done"
      },
      {
        "value": "1"
      }
    ]
  ]
}