{
  "project": {
    "id": 1506252166102,
    "url-identifier": "g/apache/openwhisk-vscode",
    "name": "apache/openwhisk-vscode",
    "url": "https://lgtm.com/projects/g/apache/openwhisk-vscode"
  },
  "columns": [
    "type",
    "ap",
    "pkgName",
    "eventName",
    "cnt"
  ],
  "data": [
    [
      {
        "value": "listen"
      },
      {
        "value": "(return (member spawn (member exports (module child_process))))"
      },
      {
        "value": "child_process"
      },
      {
        "value": "error"
      },
      {
        "value": "1"
      }
    ],
    [
      {
        "value": "listen"
      },
      {
        "value": "(return (member spawn (member exports (module child_process))))"
      },
      {
        "value": "child_process"
      },
      {
        "value": "close"
      },
      {
        "value": "1"
      }
    ],
    [
      {
        "value": "listen"
      },
      {
        "value": "(member stdout (return (member spawn (member exports (module child_process)))))"
      },
      {
        "value": "child_process"
      },
      {
        "value": "data"
      },
      {
        "value": "1"
      }
    ],
    [
      {
        "value": "listen"
      },
      {
        "value": "(member stderr (return (member spawn (member exports (module child_process)))))"
      },
      {
        "value": "child_process"
      },
      {
        "value": "data"
      },
      {
        "value": "1"
      }
    ]
  ]
}