{
  "project": {
    "id": 1511612291091,
    "url-identifier": "g/alibaba/kt-connect",
    "name": "alibaba/kt-connect",
    "url": "https://lgtm.com/projects/g/alibaba/kt-connect"
  },
  "columns": [
    "type",
    "ap",
    "pkgName",
    "eventName",
    "cnt"
  ],
  "data": [
    [
      {
        "value": "listen"
      },
      {
        "value": "(instance (member Terminal (member exports (module xterm))))"
      },
      {
        "value": "xterm"
      },
      {
        "value": "data"
      },
      {
        "value": "1"
      }
    ]
  ]
}