{
  "project": {
    "id": 1509152697200,
    "url-identifier": "g/AnotherFoxGuy/pokertoernooi-app",
    "name": "AnotherFoxGuy/pokertoernooi-app",
    "url": "https://lgtm.com/projects/g/AnotherFoxGuy/pokertoernooi-app"
  },
  "columns": [
    "type",
    "ap",
    "pkgName",
    "eventName",
    "cnt"
  ],
  "data": [
    [
      {
        "value": "listen"
      },
      {
        "value": "(return (member login (return (member exports (module deepstream.io-client-js)))))"
      },
      {
        "value": "deepstream.io-client-js"
      },
      {
        "value": "connectionStateChanged"
      },
      {
        "value": "1"
      }
    ]
  ]
}