{
  "project": {
    "id": 1512036458058,
    "url-identifier": "g/agreatfool/image-merge-dir",
    "name": "agreatfool/image-merge-dir",
    "url": "https://lgtm.com/projects/g/agreatfool/image-merge-dir"
  },
  "columns": [
    "type",
    "ap",
    "pkgName",
    "eventName",
    "cnt"
  ],
  "data": [
    [
      {
        "value": "listen"
      },
      {
        "value": "(member exports (module process))"
      },
      {
        "value": "process"
      },
      {
        "value": "uncaughtException"
      },
      {
        "value": "1"
      }
    ],
    [
      {
        "value": "listen"
      },
      {
        "value": "(member exports (module process))"
      },
      {
        "value": "process"
      },
      {
        "value": "unhandledRejection"
      },
      {
        "value": "1"
      }
    ]
  ]
}