{
  "project": {
    "id": 1506500486717,
    "url-identifier": "g/AzureCAT-GSI/DevCamp",
    "name": "AzureCAT-GSI/DevCamp",
    "url": "https://lgtm.com/projects/g/AzureCAT-GSI/DevCamp"
  },
  "columns": [
    "type",
    "ap",
    "pkgName",
    "eventName",
    "cnt"
  ],
  "data": [
    [
      {
        "value": "listen"
      },
      {
        "value": "(return (member exports (module gulp-nodemon)))"
      },
      {
        "value": "gulp-nodemon"
      },
      {
        "value": "readable"
      },
      {
        "value": "1"
      }
    ],
    [
      {
        "value": "listen"
      },
      {
        "value": "(member stdout (parameter -1 (parameter 1 (member on (return (member exports (module gulp-nodemon)))))))"
      },
      {
        "value": "gulp-nodemon"
      },
      {
        "value": "data"
      },
      {
        "value": "1"
      }
    ]
  ]
}