{
  "project": {
    "id": 1792451786,
    "url-identifier": "g/adubkov/zbx_redis_template",
    "name": "adubkov/zbx_redis_template",
    "url": "https://lgtm.com/projects/g/adubkov/zbx_redis_template"
  },
  "columns": [
    "type",
    "ap",
    "pkgName",
    "eventName",
    "cnt"
  ],
  "data": [
    [
      {
        "value": "emit"
      },
      {
        "value": "(return (member createClient (member exports (module redis))))"
      },
      {
        "value": "redis"
      },
      {
        "value": "quit"
      },
      {
        "value": "6"
      }
    ],
    [
      {
        "value": "emit"
      },
      {
        "value": "(return (member createClient (member exports (module redis))))"
      },
      {
        "value": "redis"
      },
      {
        "value": "llenall"
      },
      {
        "value": "1"
      }
    ],
    [
      {
        "value": "listen"
      },
      {
        "value": "(return (member createClient (member exports (module redis))))"
      },
      {
        "value": "redis"
      },
      {
        "value": "error"
      },
      {
        "value": "1"
      }
    ],
    [
      {
        "value": "listen"
      },
      {
        "value": "(return (member createClient (member exports (module redis))))"
      },
      {
        "value": "redis"
      },
      {
        "value": "ready"
      },
      {
        "value": "1"
      }
    ],
    [
      {
        "value": "listen"
      },
      {
        "value": "(return (member createClient (member exports (module redis))))"
      },
      {
        "value": "redis"
      },
      {
        "value": "quit"
      },
      {
        "value": "1"
      }
    ],
    [
      {
        "value": "listen"
      },
      {
        "value": "(return (member createClient (member exports (module redis))))"
      },
      {
        "value": "redis"
      },
      {
        "value": "llenall"
      },
      {
        "value": "1"
      }
    ]
  ]
}