{
  "project": {
    "id": 1506587608049,
    "url-identifier": "g/AkimaLunar/ng-meenk",
    "name": "AkimaLunar/ng-meenk",
    "url": "https://lgtm.com/projects/g/AkimaLunar/ng-meenk"
  },
  "columns": [
    "type",
    "ap",
    "pkgName",
    "eventName",
    "cnt"
  ],
  "data": [
    [
      {
        "value": "listen"
      },
      {
        "value": "(return (member listen (return (member exports (module express)))))"
      },
      {
        "value": "express"
      },
      {
        "value": "error"
      },
      {
        "value": "1"
      }
    ],
    [
      {
        "value": "listen"
      },
      {
        "value": "(member lock (instance (member * (parameter 0 (member inject (member exports (module @angular/core/testing)))))))"
      },
      {
        "value": "@angular/core/testing"
      },
      {
        "value": "authenticated"
      },
      {
        "value": "1"
      }
    ]
  ]
}