{
  "project": {
    "id": 1795411868,
    "url-identifier": "g/arshad/drupal-template-helper",
    "name": "arshad/drupal-template-helper",
    "url": "https://lgtm.com/projects/g/arshad/drupal-template-helper"
  },
  "columns": [
    "type",
    "ap",
    "pkgName",
    "eventName",
    "cnt"
  ],
  "data": [
    [
      {
        "value": "listen"
      },
      {
        "value": "(return (member watch (member exports (module gulp))))"
      },
      {
        "value": "gulp"
      },
      {
        "value": "change"
      },
      {
        "value": "1"
      }
    ],
    [
      {
        "value": "listen"
      },
      {
        "value": "(return (member cache (return (member exports (module gulp-load-plugins)))))"
      },
      {
        "value": "gulp-load-plugins"
      },
      {
        "value": "error"
      },
      {
        "value": "1"
      }
    ]
  ]
}