{
  "project": {
    "id": 1513281467981,
    "url-identifier": "g/ajermakovics/jvm-mon",
    "name": "ajermakovics/jvm-mon",
    "url": "https://lgtm.com/projects/g/ajermakovics/jvm-mon"
  },
  "columns": [
    "type",
    "ap",
    "pkgName",
    "eventName",
    "cnt"
  ],
  "data": [
    [
      {
        "value": "listen"
      },
      {
        "value": "(member rows (return (member set (instance (member grid (member exports (module blessed-contrib)))))))"
      },
      {
        "value": "blessed-contrib"
      },
      {
        "value": "select"
      },
      {
        "value": "1"
      }
    ]
  ]
}