{
  "project": {
    "id": 1511938832218,
    "url-identifier": "g/aliyun/alibabacloud-iot-device-sdk",
    "name": "aliyun/alibabacloud-iot-device-sdk",
    "url": "https://lgtm.com/projects/g/aliyun/alibabacloud-iot-device-sdk"
  },
  "columns": [
    "type",
    "ap",
    "pkgName",
    "eventName",
    "cnt"
  ],
  "data": [
    [
      {
        "value": "listen"
      },
      {
        "value": "(return (member device (member exports (module alibabacloud-iot-device-sdk))))"
      },
      {
        "value": "alibabacloud-iot-device-sdk"
      },
      {
        "value": "error"
      },
      {
        "value": "1"
      }
    ],
    [
      {
        "value": "listen"
      },
      {
        "value": "(return (member device (member exports (module alibabacloud-iot-device-sdk))))"
      },
      {
        "value": "alibabacloud-iot-device-sdk"
      },
      {
        "value": "connect"
      },
      {
        "value": "1"
      }
    ]
  ]
}