{
  "project": {
    "id": 1506272948290,
    "url-identifier": "g/artsy/rsvp-deprecated",
    "name": "artsy/rsvp-deprecated",
    "url": "https://lgtm.com/projects/g/artsy/rsvp-deprecated"
  },
  "columns": [
    "type",
    "ap",
    "pkgName",
    "eventName",
    "cnt"
  ],
  "data": [
    [
      {
        "value": "listen"
      },
      {
        "value": "(return (member exports (module universal-tree)))"
      },
      {
        "value": "universal-tree"
      },
      {
        "value": "update"
      },
      {
        "value": "1"
      }
    ],
    [
      {
        "value": "listen"
      },
      {
        "value": "(return (member model (member exports (module joiql-mongo))))"
      },
      {
        "value": "joiql-mongo"
      },
      {
        "value": "create"
      },
      {
        "value": "1"
      }
    ],
    [
      {
        "value": "listen"
      },
      {
        "value": "(return (member model (member exports (module joiql-mongo))))"
      },
      {
        "value": "joiql-mongo"
      },
      {
        "value": "read"
      },
      {
        "value": "2"
      }
    ],
    [
      {
        "value": "listen"
      },
      {
        "value": "(return (member model (member exports (module joiql-mongo))))"
      },
      {
        "value": "joiql-mongo"
      },
      {
        "value": "list"
      },
      {
        "value": "2"
      }
    ]
  ]
}