{
  "project": {
    "id": 2105460006,
    "url-identifier": "g/alphagov/verify-sample-local-matching-services",
    "name": "alphagov/verify-sample-local-matching-services",
    "url": "https://lgtm.com/projects/g/alphagov/verify-sample-local-matching-services"
  },
  "columns": [
    "type",
    "ap",
    "pkgName",
    "eventName",
    "cnt"
  ],
  "data": [
    [
      {
        "value": "listen"
      },
      {
        "value": "(parameter 0 (parameter 0 (member createServer (member exports (module http)))))"
      },
      {
        "value": "http"
      },
      {
        "value": "data"
      },
      {
        "value": "1"
      }
    ],
    [
      {
        "value": "listen"
      },
      {
        "value": "(return (member on (parameter 0 (parameter 0 (member createServer (member exports (module http)))))))"
      },
      {
        "value": "http"
      },
      {
        "value": "end"
      },
      {
        "value": "1"
      }
    ]
  ]
}