{
  "project": {
    "id": 1511437838220,
    "url-identifier": "g/Adyen/adyen-salesforce-commerce-cloud",
    "name": "Adyen/adyen-salesforce-commerce-cloud",
    "url": "https://lgtm.com/projects/g/Adyen/adyen-salesforce-commerce-cloud"
  },
  "columns": [
    "type",
    "ap",
    "pkgName",
    "eventName",
    "cnt"
  ],
  "data": [
    [
      {
        "value": "emit"
      },
      {
        "value": "(parameter -1 (parameter 2 (member prepend (member exports (module server)))))"
      },
      {
        "value": "server"
      },
      {
        "value": "route:Complete"
      },
      {
        "value": "2"
      }
    ]
  ]
}