{
  "project": {
    "id": 1510825417186,
    "url-identifier": "g/animais-de-rua/store",
    "name": "animais-de-rua/store",
    "url": "https://lgtm.com/projects/g/animais-de-rua/store"
  },
  "columns": [
    "type",
    "ap",
    "pkgName",
    "eventName",
    "cnt"
  ],
  "data": [
    [
      {
        "value": "emit"
      },
      {
        "value": "(instance (member exports (module events)))"
      },
      {
        "value": "events"
      },
      {
        "value": "languageSelected"
      },
      {
        "value": "2"
      }
    ],
    [
      {
        "value": "listen"
      },
      {
        "value": "(instance (member exports (module events)))"
      },
      {
        "value": "events"
      },
      {
        "value": "languageSelected"
      },
      {
        "value": "2"
      }
    ]
  ]
}