{
  "project": {
    "id": 126324396,
    "url-identifier": "g/ArthurClemens/polythene",
    "name": "ArthurClemens/polythene",
    "url": "https://lgtm.com/projects/g/ArthurClemens/polythene"
  },
  "columns": [
    "type",
    "ap",
    "pkgName",
    "eventName",
    "cnt"
  ],
  "data": [
    [
      {
        "value": "emit"
      },
      {
        "value": "(member exports (module polythene-core))"
      },
      {
        "value": "polythene-core"
      },
      {
        "value": "webfontloader"
      },
      {
        "value": "1"
      }
    ]
  ]
}