{
  "project": {
    "id": 2099190429,
    "url-identifier": "g/alphagov/digitalmarketplace-supplier-frontend",
    "name": "alphagov/digitalmarketplace-supplier-frontend",
    "url": "https://lgtm.com/projects/g/alphagov/digitalmarketplace-supplier-frontend"
  },
  "columns": [
    "type",
    "ap",
    "pkgName",
    "eventName",
    "cnt"
  ],
  "data": [
    [
      {
        "value": "listen"
      },
      {
        "value": "(return (member watch (member exports (module gulp))))"
      },
      {
        "value": "gulp"
      },
      {
        "value": "change"
      },
      {
        "value": "1"
      }
    ],
    [
      {
        "value": "listen"
      },
      {
        "value": "(return (member pipe (return (member src (member exports (module gulp))))))"
      },
      {
        "value": "gulp"
      },
      {
        "value": "end"
      },
      {
        "value": "1"
      }
    ],
    [
      {
        "value": "listen"
      },
      {
        "value": "(return (member pipe (return (member pipe (return (member src (member exports (module gulp))))))))"
      },
      {
        "value": "gulp"
      },
      {
        "value": "error"
      },
      {
        "value": "1"
      }
    ],
    [
      {
        "value": "listen"
      },
      {
        "value": "(return (member pipe (return (member on (return (member pipe (return (member pipe (return (member src (member exports (module gulp))))))))))))"
      },
      {
        "value": "gulp"
      },
      {
        "value": "end"
      },
      {
        "value": "1"
      }
    ],
    [
      {
        "value": "listen"
      },
      {
        "value": "(return (member pipe (return (member pipe (return (member pipe (return (member pipe (return (member pipe (return (member pipe (return (member src (member exports (module gulp))))))))))))))))"
      },
      {
        "value": "gulp"
      },
      {
        "value": "end"
      },
      {
        "value": "1"
      }
    ]
  ]
}