{
  "project": {
    "id": 1509489215985,
    "url-identifier": "g/Alorel/personal-build-tools",
    "name": "Alorel/personal-build-tools",
    "url": "https://lgtm.com/projects/g/Alorel/personal-build-tools"
  },
  "columns": [
    "type",
    "ap",
    "pkgName",
    "eventName",
    "cnt"
  ],
  "data": [
    [
      {
        "value": "listen"
      },
      {
        "value": "(return (member exports (module cross-spawn)))"
      },
      {
        "value": "cross-spawn"
      },
      {
        "value": "error"
      },
      {
        "value": "2"
      }
    ],
    [
      {
        "value": "listen"
      },
      {
        "value": "(return (member exports (module cross-spawn)))"
      },
      {
        "value": "cross-spawn"
      },
      {
        "value": "exit"
      },
      {
        "value": "1"
      }
    ],
    [
      {
        "value": "listen"
      },
      {
        "value": "(member stderr (return (member exports (module cross-spawn))))"
      },
      {
        "value": "cross-spawn"
      },
      {
        "value": "data"
      },
      {
        "value": "1"
      }
    ],
    [
      {
        "value": "listen"
      },
      {
        "value": "(return (member once (return (member exports (module cross-spawn)))))"
      },
      {
        "value": "cross-spawn"
      },
      {
        "value": "exit"
      },
      {
        "value": "1"
      }
    ]
  ]
}