{
  "project": {
    "id": 1506610347399,
    "url-identifier": "g/Azure/azure-quickstart-templates",
    "name": "Azure/azure-quickstart-templates",
    "url": "https://lgtm.com/projects/g/Azure/azure-quickstart-templates"
  },
  "columns": [
    "type",
    "ap",
    "pkgName",
    "eventName",
    "cnt"
  ],
  "data": [
    [
      {
        "value": "listen"
      },
      {
        "value": "(promised (return (member createReceiver (return (member fromConnectionString (member Client (member exports (module azure-event-hubs))))))))"
      },
      {
        "value": "azure-event-hubs"
      },
      {
        "value": "message"
      },
      {
        "value": "1"
      }
    ],
    [
      {
        "value": "listen"
      },
      {
        "value": "(promised (return (member createReceiver (return (member fromConnectionString (member Client (member exports (module azure-event-hubs))))))))"
      },
      {
        "value": "azure-event-hubs"
      },
      {
        "value": "errorReceived"
      },
      {
        "value": "1"
      }
    ]
  ]
}