{
  "project": {
    "id": 1506675797925,
    "url-identifier": "g/amymok/dek-GoodLab",
    "name": "amymok/dek-GoodLab",
    "url": "https://lgtm.com/projects/g/amymok/dek-GoodLab"
  },
  "columns": [
    "type",
    "ap",
    "pkgName",
    "eventName",
    "cnt"
  ],
  "data": [
    [
      {
        "value": "emit"
      },
      {
        "value": "(member broadcast (parameter 0 (parameter 1 (member on (member sockets (return (member listen (member exports (module socket.io)))))))))"
      },
      {
        "value": "socket.io"
      },
      {
        "value": "slidedata"
      },
      {
        "value": "1"
      }
    ],
    [
      {
        "value": "emit"
      },
      {
        "value": "(member broadcast (parameter 0 (parameter 1 (member on (member sockets (return (member listen (member exports (module socket.io)))))))))"
      },
      {
        "value": "socket.io"
      },
      {
        "value": "fragmentdata"
      },
      {
        "value": "1"
      }
    ],
    [
      {
        "value": "listen"
      },
      {
        "value": "(member sockets (return (member listen (member exports (module socket.io)))))"
      },
      {
        "value": "socket.io"
      },
      {
        "value": "connection"
      },
      {
        "value": "1"
      }
    ],
    [
      {
        "value": "listen"
      },
      {
        "value": "(parameter 0 (parameter 1 (member on (member sockets (return (member listen (member exports (module socket.io))))))))"
      },
      {
        "value": "socket.io"
      },
      {
        "value": "slidechanged"
      },
      {
        "value": "1"
      }
    ],
    [
      {
        "value": "listen"
      },
      {
        "value": "(parameter 0 (parameter 1 (member on (member sockets (return (member listen (member exports (module socket.io))))))))"
      },
      {
        "value": "socket.io"
      },
      {
        "value": "fragmentchanged"
      },
      {
        "value": "1"
      }
    ]
  ]
}