{
  "project": {
    "id": 1510909566349,
    "url-identifier": "g/biaochenxuying/blog-node",
    "name": "biaochenxuying/blog-node",
    "url": "https://lgtm.com/projects/g/biaochenxuying/blog-node"
  },
  "columns": [
    "type",
    "ap",
    "pkgName",
    "eventName",
    "cnt"
  ],
  "data": [
    [
      {
        "value": "listen"
      },
      {
        "value": "(member connection (member exports (module mongoose)))"
      },
      {
        "value": "mongoose"
      },
      {
        "value": "error"
      },
      {
        "value": "1"
      }
    ],
    [
      {
        "value": "listen"
      },
      {
        "value": "(member connection (member exports (module mongoose)))"
      },
      {
        "value": "mongoose"
      },
      {
        "value": "open"
      },
      {
        "value": "1"
      }
    ],
    [
      {
        "value": "listen"
      },
      {
        "value": "(return (member createServer (member exports (module http))))"
      },
      {
        "value": "http"
      },
      {
        "value": "error"
      },
      {
        "value": "1"
      }
    ],
    [
      {
        "value": "listen"
      },
      {
        "value": "(return (member createServer (member exports (module http))))"
      },
      {
        "value": "http"
      },
      {
        "value": "listening"
      },
      {
        "value": "1"
      }
    ]
  ]
}