{
  "project": {
    "id": 1510606723270,
    "url-identifier": "g/big-kahuna-burger/at-hash",
    "name": "big-kahuna-burger/at-hash",
    "url": "https://lgtm.com/projects/g/big-kahuna-burger/at-hash"
  },
  "columns": [
    "type",
    "ap",
    "pkgName",
    "eventName",
    "cnt"
  ],
  "data": [
    [
      {
        "value": "listen"
      },
      {
        "value": "(return (member createHash (member exports (module crypto))))"
      },
      {
        "value": "crypto"
      },
      {
        "value": "readable"
      },
      {
        "value": "1"
      }
    ]
  ]
}