{
  "project": {
    "id": 1510716036220,
    "url-identifier": "g/bodand/infoparsed",
    "name": "bodand/infoparsed",
    "url": "https://lgtm.com/projects/g/bodand/infoparsed"
  },
  "columns": [
    "type",
    "ap",
    "pkgName",
    "eventName",
    "cnt"
  ],
  "data": [
    [
      {
        "value": "listen"
      },
      {
        "value": "(return (member exports (module jquery)))"
      },
      {
        "value": "jquery"
      },
      {
        "value": "mousemove"
      },
      {
        "value": "2"
      }
    ],
    [
      {
        "value": "listen"
      },
      {
        "value": "(return (member exports (module jquery)))"
      },
      {
        "value": "jquery"
      },
      {
        "value": "scroll"
      },
      {
        "value": "1"
      }
    ]
  ]
}