{
  "project": {
    "id": 1797550185,
    "url-identifier": "g/Bart6114/scheduleR",
    "name": "Bart6114/scheduleR",
    "url": "https://lgtm.com/projects/g/Bart6114/scheduleR"
  },
  "columns": [
    "type",
    "ap",
    "pkgName",
    "eventName",
    "cnt"
  ],
  "data": [
    [
      {
        "value": "listen"
      },
      {
        "value": "(return (member createReadStream (member exports (module fs))))"
      },
      {
        "value": "fs"
      },
      {
        "value": "error"
      },
      {
        "value": "1"
      }
    ],
    [
      {
        "value": "listen"
      },
      {
        "value": "(return (member createWriteStream (member exports (module fs))))"
      },
      {
        "value": "fs"
      },
      {
        "value": "error"
      },
      {
        "value": "1"
      }
    ],
    [
      {
        "value": "listen"
      },
      {
        "value": "(return (member createWriteStream (member exports (module fs))))"
      },
      {
        "value": "fs"
      },
      {
        "value": "close"
      },
      {
        "value": "1"
      }
    ],
    [
      {
        "value": "listen"
      },
      {
        "value": "(return (member spawn (member exports (module child_process))))"
      },
      {
        "value": "child_process"
      },
      {
        "value": "error"
      },
      {
        "value": "1"
      }
    ],
    [
      {
        "value": "listen"
      },
      {
        "value": "(return (member spawn (member exports (module child_process))))"
      },
      {
        "value": "child_process"
      },
      {
        "value": "exit"
      },
      {
        "value": "1"
      }
    ],
    [
      {
        "value": "listen"
      },
      {
        "value": "(return (member connect (member exports (module net))))"
      },
      {
        "value": "net"
      },
      {
        "value": "error"
      },
      {
        "value": "1"
      }
    ],
    [
      {
        "value": "listen"
      },
      {
        "value": "(member stdout (return (member spawn (member exports (module child_process)))))"
      },
      {
        "value": "child_process"
      },
      {
        "value": "data"
      },
      {
        "value": "1"
      }
    ],
    [
      {
        "value": "listen"
      },
      {
        "value": "(member stdout (return (member spawn (member exports (module child_process)))))"
      },
      {
        "value": "child_process"
      },
      {
        "value": "end"
      },
      {
        "value": "1"
      }
    ],
    [
      {
        "value": "listen"
      },
      {
        "value": "(member stderr (return (member spawn (member exports (module child_process)))))"
      },
      {
        "value": "child_process"
      },
      {
        "value": "data"
      },
      {
        "value": "1"
      }
    ]
  ]
}