{
  "project": {
    "id": 1506715553295,
    "url-identifier": "g/BrowserSync/browsersync.github.io",
    "name": "BrowserSync/browsersync.github.io",
    "url": "https://lgtm.com/projects/g/BrowserSync/browsersync.github.io"
  },
  "columns": [
    "type",
    "ap",
    "pkgName",
    "eventName",
    "cnt"
  ],
  "data": [
    [
      {
        "value": "listen"
      },
      {
        "value": "(return (member exports (module gulp-ruby-sass)))"
      },
      {
        "value": "gulp-ruby-sass"
      },
      {
        "value": "error"
      },
      {
        "value": "1"
      }
    ],
    [
      {
        "value": "listen"
      },
      {
        "value": "(return (member watch (member exports (module gulp))))"
      },
      {
        "value": "gulp"
      },
      {
        "value": "change"
      },
      {
        "value": "1"
      }
    ],
    [
      {
        "value": "listen"
      },
      {
        "value": "(return (member spawn (member exports (module child_process))))"
      },
      {
        "value": "child_process"
      },
      {
        "value": "close"
      },
      {
        "value": "1"
      }
    ],
    [
      {
        "value": "listen"
      },
      {
        "value": "(member emitter (return (member create (member exports (module browser-sync)))))"
      },
      {
        "value": "browser-sync"
      },
      {
        "value": "init"
      },
      {
        "value": "1"
      }
    ],
    [
      {
        "value": "listen"
      },
      {
        "value": "(return (member watch (return (member get (member exports (module browser-sync))))))"
      },
      {
        "value": "browser-sync"
      },
      {
        "value": "change"
      },
      {
        "value": "1"
      }
    ],
    [
      {
        "value": "listen"
      },
      {
        "value": "(return (member watch (return (member create (member exports (module browser-sync))))))"
      },
      {
        "value": "browser-sync"
      },
      {
        "value": "change"
      },
      {
        "value": "1"
      }
    ]
  ]
}