{
  "project": {
    "id": 1767671184,
    "url-identifier": "g/balderdashy/sails-generate",
    "name": "balderdashy/sails-generate",
    "url": "https://lgtm.com/projects/g/balderdashy/sails-generate"
  },
  "columns": [
    "type",
    "ap",
    "pkgName",
    "eventName",
    "cnt"
  ],
  "data": [
    [
      {
        "value": "listen"
      },
      {
        "value": "(member exports (module process))"
      },
      {
        "value": "process"
      },
      {
        "value": "SIGINT"
      },
      {
        "value": "1"
      }
    ],
    [
      {
        "value": "listen"
      },
      {
        "value": "(return (member closest (return (member exports (module jquery)))))"
      },
      {
        "value": "jquery"
      },
      {
        "value": "hide.bs.modal"
      },
      {
        "value": "1"
      }
    ],
    [
      {
        "value": "listen"
      },
      {
        "value": "(return (member children (return (member exports (module jquery)))))"
      },
      {
        "value": "jquery"
      },
      {
        "value": "mouseover"
      },
      {
        "value": "1"
      }
    ]
  ]
}