{
  "project": {
    "id": 1508480146277,
    "url-identifier": "g/brettz9/french-press",
    "name": "brettz9/french-press",
    "url": "https://lgtm.com/projects/g/brettz9/french-press"
  },
  "columns": [
    "type",
    "ap",
    "pkgName",
    "eventName",
    "cnt"
  ],
  "data": [
    [
      {
        "value": "emit"
      },
      {
        "value": "(member port (parameter 0 (member onAttach (parameter 0 (member PageMod (member exports (module sdk/page-mod)))))))"
      },
      {
        "value": "sdk/page-mod"
      },
      {
        "value": "passOptions"
      },
      {
        "value": "1"
      }
    ],
    [
      {
        "value": "listen"
      },
      {
        "value": "(member exports (module sdk/simple-prefs))"
      },
      {
        "value": "sdk/simple-prefs"
      },
      {
        "value": ""
      },
      {
        "value": "1"
      }
    ]
  ]
}