{
  "project": {
    "id": 112850625,
    "url-identifier": "g/BlinkTagInc/node-gtfs",
    "name": "BlinkTagInc/node-gtfs",
    "url": "https://lgtm.com/projects/g/BlinkTagInc/node-gtfs"
  },
  "columns": [
    "type",
    "ap",
    "pkgName",
    "eventName",
    "cnt"
  ],
  "data": [
    [
      {
        "value": "listen"
      },
      {
        "value": "(return (member exports (module csv-parse)))"
      },
      {
        "value": "csv-parse"
      },
      {
        "value": "error"
      },
      {
        "value": "1"
      }
    ],
    [
      {
        "value": "listen"
      },
      {
        "value": "(return (member exports (module csv-parse)))"
      },
      {
        "value": "csv-parse"
      },
      {
        "value": "end"
      },
      {
        "value": "1"
      }
    ],
    [
      {
        "value": "listen"
      },
      {
        "value": "(return (member exports (module csv-parse)))"
      },
      {
        "value": "csv-parse"
      },
      {
        "value": "readable"
      },
      {
        "value": "1"
      }
    ],
    [
      {
        "value": "listen"
      },
      {
        "value": "(return (member pipe (return (member createReadStream (member exports (module fs-extra))))))"
      },
      {
        "value": "fs-extra"
      },
      {
        "value": "error"
      },
      {
        "value": "1"
      }
    ],
    [
      {
        "value": "listen"
      },
      {
        "value": "(return (member pipe (return (member createReadStream (member exports (module fs-extra))))))"
      },
      {
        "value": "fs-extra"
      },
      {
        "value": "entry"
      },
      {
        "value": "1"
      }
    ],
    [
      {
        "value": "listen"
      },
      {
        "value": "(return (member pipe (return (member createReadStream (member exports (module fs))))))"
      },
      {
        "value": "fs"
      },
      {
        "value": "error"
      },
      {
        "value": "1"
      }
    ]
  ]
}