{
  "project": {
    "id": 89795219,
    "url-identifier": "g/bgrsquared/d3-react-squared",
    "name": "bgrsquared/d3-react-squared",
    "url": "https://lgtm.com/projects/g/bgrsquared/d3-react-squared"
  },
  "columns": [
    "type",
    "ap",
    "pkgName",
    "eventName",
    "cnt"
  ],
  "data": [
    [
      {
        "value": "listen"
      },
      {
        "value": "(return (member style (return (member style (return (member attr (return (member attr (return (member attr (return (member attr (return (member attr (return (member append (return (member enter (member join (parameter -1 (member mainFunction (member chartModule (member defaultProps (parameter 0 (return (member connect (member exports (module react-redux))))))))))))))))))))))))))))"
      },
      {
        "value": "react-redux"
      },
      {
        "value": "mouseover"
      },
      {
        "value": "1"
      }
    ],
    [
      {
        "value": "listen"
      },
      {
        "value": "(return (member on (return (member style (return (member style (return (member attr (return (member attr (return (member attr (return (member attr (return (member attr (return (member append (return (member enter (member join (parameter -1 (member mainFunction (member chartModule (member defaultProps (parameter 0 (return (member connect (member exports (module react-redux))))))))))))))))))))))))))))))"
      },
      {
        "value": "react-redux"
      },
      {
        "value": "mouseout"
      },
      {
        "value": "1"
      }
    ],
    [
      {
        "value": "listen"
      },
      {
        "value": "(return (member on (return (member on (return (member style (return (member style (return (member attr (return (member attr (return (member attr (return (member attr (return (member attr (return (member append (return (member enter (member join (parameter -1 (member mainFunction (member chartModule (member defaultProps (parameter 0 (return (member connect (member exports (module react-redux))))))))))))))))))))))))))))))))"
      },
      {
        "value": "react-redux"
      },
      {
        "value": "mousemove"
      },
      {
        "value": "1"
      }
    ]
  ]
}