{
  "project": {
    "id": 1506709793146,
    "url-identifier": "g/blixai/blix",
    "name": "blixai/blix",
    "url": "https://lgtm.com/projects/g/blixai/blix"
  },
  "columns": [
    "type",
    "ap",
    "pkgName",
    "eventName",
    "cnt"
  ],
  "data": [
    [
      {
        "value": "listen"
      },
      {
        "value": "(member exports (module cluster))"
      },
      {
        "value": "cluster"
      },
      {
        "value": "exit"
      },
      {
        "value": "1"
      }
    ],
    [
      {
        "value": "listen"
      },
      {
        "value": "(return (member spawn (member exports (module child_process))))"
      },
      {
        "value": "child_process"
      },
      {
        "value": "close"
      },
      {
        "value": "1"
      }
    ],
    [
      {
        "value": "listen"
      },
      {
        "value": "(member stderr (return (member spawn (member exports (module child_process)))))"
      },
      {
        "value": "child_process"
      },
      {
        "value": "data"
      },
      {
        "value": "1"
      }
    ]
  ]
}