{
  "project": {
    "id": 15000017,
    "url-identifier": "g/caolan/forms",
    "name": "caolan/forms",
    "url": "https://lgtm.com/projects/g/caolan/forms"
  },
  "columns": [
    "type",
    "ap",
    "pkgName",
    "eventName",
    "cnt"
  ],
  "data": [
    [
      {
        "value": "emit"
      },
      {
        "value": "(instance (member IncomingMessage (member exports (module http))))"
      },
      {
        "value": "http"
      },
      {
        "value": "data"
      },
      {
        "value": "1"
      }
    ],
    [
      {
        "value": "emit"
      },
      {
        "value": "(instance (member IncomingMessage (member exports (module http))))"
      },
      {
        "value": "http"
      },
      {
        "value": "end"
      },
      {
        "value": "1"
      }
    ]
  ]
}