{
  "project": {
    "id": 1790650944,
    "url-identifier": "g/cferdinandi/right-height",
    "name": "cferdinandi/right-height",
    "url": "https://lgtm.com/projects/g/cferdinandi/right-height"
  },
  "columns": [
    "type",
    "ap",
    "pkgName",
    "eventName",
    "cnt"
  ],
  "data": [
    [
      {
        "value": "listen"
      },
      {
        "value": "(return (member watch (member exports (module gulp))))"
      },
      {
        "value": "gulp"
      },
      {
        "value": "change"
      },
      {
        "value": "1"
      }
    ]
  ]
}