{
  "project": {
    "id": 1797877892,
    "url-identifier": "g/catamphetamine/react-pages",
    "name": "catamphetamine/react-pages",
    "url": "https://lgtm.com/projects/g/catamphetamine/react-pages"
  },
  "columns": [
    "type",
    "ap",
    "pkgName",
    "eventName",
    "cnt"
  ],
  "data": [
    [
      {
        "value": "listen"
      },
      {
        "value": "(return (member request (member exports (module http))))"
      },
      {
        "value": "http"
      },
      {
        "value": "error"
      },
      {
        "value": "1"
      }
    ],
    [
      {
        "value": "listen"
      },
      {
        "value": "(return (member * (member exports (module superagent))))"
      },
      {
        "value": "superagent"
      },
      {
        "value": "progress"
      },
      {
        "value": "1"
      }
    ],
    [
      {
        "value": "listen"
      },
      {
        "value": "(parameter 0 (parameter 1 (member request (member exports (module http)))))"
      },
      {
        "value": "http"
      },
      {
        "value": "data"
      },
      {
        "value": "1"
      }
    ],
    [
      {
        "value": "listen"
      },
      {
        "value": "(parameter 0 (parameter 1 (member request (member exports (module http)))))"
      },
      {
        "value": "http"
      },
      {
        "value": "end"
      },
      {
        "value": "1"
      }
    ],
    [
      {
        "value": "listen"
      },
      {
        "value": "(return (member uploadDir (return (member createClient (member exports (module @auth0/s3))))))"
      },
      {
        "value": "@auth0/s3"
      },
      {
        "value": "error"
      },
      {
        "value": "1"
      }
    ],
    [
      {
        "value": "listen"
      },
      {
        "value": "(return (member uploadDir (return (member createClient (member exports (module @auth0/s3))))))"
      },
      {
        "value": "@auth0/s3"
      },
      {
        "value": "progress"
      },
      {
        "value": "1"
      }
    ],
    [
      {
        "value": "listen"
      },
      {
        "value": "(return (member uploadDir (return (member createClient (member exports (module @auth0/s3))))))"
      },
      {
        "value": "@auth0/s3"
      },
      {
        "value": "end"
      },
      {
        "value": "1"
      }
    ]
  ]
}