{
  "project": {
    "id": 1506199116368,
    "url-identifier": "g/CUUATS/bikemoves",
    "name": "CUUATS/bikemoves",
    "url": "https://lgtm.com/projects/g/CUUATS/bikemoves"
  },
  "columns": [
    "type",
    "ap",
    "pkgName",
    "eventName",
    "cnt"
  ],
  "data": [
    [
      {
        "value": "listen"
      },
      {
        "value": "(instance (member Map (member exports (module mapbox-gl/dist/mapbox-gl.js))))"
      },
      {
        "value": "mapbox-gl/dist/mapbox-gl.js"
      },
      {
        "value": "click"
      },
      {
        "value": "1"
      }
    ],
    [
      {
        "value": "listen"
      },
      {
        "value": "(instance (member Map (member exports (module mapbox-gl/dist/mapbox-gl.js))))"
      },
      {
        "value": "mapbox-gl/dist/mapbox-gl.js"
      },
      {
        "value": "load"
      },
      {
        "value": "1"
      }
    ],
    [
      {
        "value": "listen"
      },
      {
        "value": "(instance (member Map (member exports (module mapbox-gl/dist/mapbox-gl.js))))"
      },
      {
        "value": "mapbox-gl/dist/mapbox-gl.js"
      },
      {
        "value": "render"
      },
      {
        "value": "1"
      }
    ],
    [
      {
        "value": "listen"
      },
      {
        "value": "(member bgGeo (parameter 1 (parameter 0 (member forRoot (member IonicModule (member exports (module ionic-angular)))))))"
      },
      {
        "value": "ionic-angular"
      },
      {
        "value": "location"
      },
      {
        "value": "1"
      }
    ],
    [
      {
        "value": "listen"
      },
      {
        "value": "(member bgGeo (parameter 1 (parameter 0 (member forRoot (member IonicModule (member exports (module ionic-angular)))))))"
      },
      {
        "value": "ionic-angular"
      },
      {
        "value": "motionchange"
      },
      {
        "value": "1"
      }
    ],
    [
      {
        "value": "listen"
      },
      {
        "value": "(member bgGeo (parameter 1 (parameter 0 (member forRoot (member IonicModule (member exports (module ionic-angular)))))))"
      },
      {
        "value": "ionic-angular"
      },
      {
        "value": "activitychange"
      },
      {
        "value": "1"
      }
    ],
    [
      {
        "value": "listen"
      },
      {
        "value": "(member map (instance (member * (member providers (parameter 0 (member NgModule (member exports (module @angular/core))))))))"
      },
      {
        "value": "@angular/core"
      },
      {
        "value": "click"
      },
      {
        "value": "1"
      }
    ],
    [
      {
        "value": "listen"
      },
      {
        "value": "(member map (instance (member * (member providers (parameter 0 (member NgModule (member exports (module @angular/core))))))))"
      },
      {
        "value": "@angular/core"
      },
      {
        "value": "load"
      },
      {
        "value": "1"
      }
    ],
    [
      {
        "value": "listen"
      },
      {
        "value": "(member map (instance (member * (member providers (parameter 0 (member NgModule (member exports (module @angular/core))))))))"
      },
      {
        "value": "@angular/core"
      },
      {
        "value": "render"
      },
      {
        "value": "1"
      }
    ]
  ]
}