{
  "project": {
    "id": 1777253051,
    "url-identifier": "g/cli-kit/cli-help",
    "name": "cli-kit/cli-help",
    "url": "https://lgtm.com/projects/g/cli-kit/cli-help"
  },
  "columns": [
    "type",
    "ap",
    "pkgName",
    "eventName",
    "cnt"
  ],
  "data": [
    [
      {
        "value": "emit"
      },
      {
        "value": "(parameter -1 (member exports (module cli-help)))"
      },
      {
        "value": "cli-help"
      },
      {
        "value": "help"
      },
      {
        "value": "1"
      }
    ],
    [
      {
        "value": "emit"
      },
      {
        "value": "(parameter -1 (member exports (module cli-help)))"
      },
      {
        "value": "cli-help"
      },
      {
        "value": "help:trailers"
      },
      {
        "value": "1"
      }
    ]
  ]
}