{
  "project": {
    "id": 1510878759385,
    "url-identifier": "g/ckeditor/ckeditor5-inspector",
    "name": "ckeditor/ckeditor5-inspector",
    "url": "https://lgtm.com/projects/g/ckeditor/ckeditor5-inspector"
  },
  "columns": [
    "type",
    "ap",
    "pkgName",
    "eventName",
    "cnt"
  ],
  "data": [
    [
      {
        "value": "listen"
      },
      {
        "value": "(member document (member model (return (member get (member editors (return (member getState (return (member createStore (member exports (module redux)))))))))))"
      },
      {
        "value": "redux"
      },
      {
        "value": "change"
      },
      {
        "value": "1"
      }
    ],
    [
      {
        "value": "listen"
      },
      {
        "value": "(member view (member editing (return (member get (member editors (return (member getState (return (member createStore (member exports (module redux)))))))))))"
      },
      {
        "value": "redux"
      },
      {
        "value": "render"
      },
      {
        "value": "1"
      }
    ]
  ]
}