{
  "project": {
    "id": 1506700427683,
    "url-identifier": "g/cloud-gov/cg-diagrams",
    "name": "cloud-gov/cg-diagrams",
    "url": "https://lgtm.com/projects/g/cloud-gov/cg-diagrams"
  },
  "columns": [
    "type",
    "ap",
    "pkgName",
    "eventName",
    "cnt"
  ],
  "data": [
    [
      {
        "value": "emit"
      },
      {
        "value": "(parameter -1 (parameter 0 (member obj (member exports (module through2)))))"
      },
      {
        "value": "through2"
      },
      {
        "value": "error"
      },
      {
        "value": "1"
      }
    ],
    [
      {
        "value": "listen"
      },
      {
        "value": "(return (member exports (module gulp-sass)))"
      },
      {
        "value": "gulp-sass"
      },
      {
        "value": "error"
      },
      {
        "value": "1"
      }
    ],
    [
      {
        "value": "listen"
      },
      {
        "value": "(return (member watch (member exports (module gulp))))"
      },
      {
        "value": "gulp"
      },
      {
        "value": "change"
      },
      {
        "value": "1"
      }
    ]
  ]
}