{
  "project": {
    "id": 1511507258288,
    "url-identifier": "g/csstree/validator",
    "name": "csstree/validator",
    "url": "https://lgtm.com/projects/g/csstree/validator"
  },
  "columns": [
    "type",
    "ap",
    "pkgName",
    "eventName",
    "cnt"
  ],
  "data": [
    [
      {
        "value": "listen"
      },
      {
        "value": "(member stdin (member exports (module process)))"
      },
      {
        "value": "process"
      },
      {
        "value": "data"
      },
      {
        "value": "1"
      }
    ],
    [
      {
        "value": "listen"
      },
      {
        "value": "(return (member on (member stdin (member exports (module process)))))"
      },
      {
        "value": "process"
      },
      {
        "value": "end"
      },
      {
        "value": "1"
      }
    ]
  ]
}