{
  "project": {
    "id": 1511446530550,
    "url-identifier": "g/covidatlas/coronadatascraper",
    "name": "covidatlas/coronadatascraper",
    "url": "https://lgtm.com/projects/g/covidatlas/coronadatascraper"
  },
  "columns": [
    "type",
    "ap",
    "pkgName",
    "eventName",
    "cnt"
  ],
  "data": [
    [
      {
        "value": "listen"
      },
      {
        "value": "(member exports (module process))"
      },
      {
        "value": "process"
      },
      {
        "value": "SIGINT"
      },
      {
        "value": "1"
      }
    ],
    [
      {
        "value": "listen"
      },
      {
        "value": "(member exports (module process))"
      },
      {
        "value": "process"
      },
      {
        "value": "exit"
      },
      {
        "value": "1"
      }
    ],
    [
      {
        "value": "listen"
      },
      {
        "value": "(instance (member exports (module pdf2json)))"
      },
      {
        "value": "pdf2json"
      },
      {
        "value": "pdfParser_dataError"
      },
      {
        "value": "1"
      }
    ],
    [
      {
        "value": "listen"
      },
      {
        "value": "(instance (member exports (module pdf2json)))"
      },
      {
        "value": "pdf2json"
      },
      {
        "value": "pdfParser_dataReady"
      },
      {
        "value": "1"
      }
    ],
    [
      {
        "value": "listen"
      },
      {
        "value": "(return (member fork (member exports (module child_process))))"
      },
      {
        "value": "child_process"
      },
      {
        "value": "message"
      },
      {
        "value": "1"
      }
    ],
    [
      {
        "value": "listen"
      },
      {
        "value": "(return (member fork (member exports (module child_process))))"
      },
      {
        "value": "child_process"
      },
      {
        "value": "close"
      },
      {
        "value": "1"
      }
    ]
  ]
}