{
  "project": {
    "id": 1407411411,
    "url-identifier": "g/coddingtonbear/inthe.am",
    "name": "coddingtonbear/inthe.am",
    "url": "https://lgtm.com/projects/g/coddingtonbear/inthe.am"
  },
  "columns": [
    "type",
    "ap",
    "pkgName",
    "eventName",
    "cnt"
  ],
  "data": [
    [
      {
        "value": "listen"
      },
      {
        "value": "(return (member createProxyServer (member exports (module http-proxy))))"
      },
      {
        "value": "http-proxy"
      },
      {
        "value": "error"
      },
      {
        "value": "1"
      }
    ],
    [
      {
        "value": "listen"
      },
      {
        "value": "(return (member sass (return (member exports (module gulp-load-plugins)))))"
      },
      {
        "value": "gulp-load-plugins"
      },
      {
        "value": "error"
      },
      {
        "value": "1"
      }
    ]
  ]
}