{
  "project": {
    "id": 1796563378,
    "url-identifier": "g/claydotio/Slime-Volley",
    "name": "claydotio/Slime-Volley",
    "url": "https://lgtm.com/projects/g/claydotio/Slime-Volley"
  },
  "columns": [
    "type",
    "ap",
    "pkgName",
    "eventName",
    "cnt"
  ],
  "data": [
    [
      {
        "value": "listen"
      },
      {
        "value": "(member sockets (return (member listen (member exports (module socket.io)))))"
      },
      {
        "value": "socket.io"
      },
      {
        "value": "connection"
      },
      {
        "value": "1"
      }
    ],
    [
      {
        "value": "listen"
      },
      {
        "value": "(parameter 0 (parameter 1 (member on (member sockets (return (member listen (member exports (module socket.io))))))))"
      },
      {
        "value": "socket.io"
      },
      {
        "value": "input"
      },
      {
        "value": "1"
      }
    ],
    [
      {
        "value": "listen"
      },
      {
        "value": "(parameter 0 (parameter 1 (member on (member sockets (return (member listen (member exports (module socket.io))))))))"
      },
      {
        "value": "socket.io"
      },
      {
        "value": "disconnect"
      },
      {
        "value": "2"
      }
    ],
    [
      {
        "value": "listen"
      },
      {
        "value": "(parameter 0 (parameter 1 (member on (member sockets (return (member listen (member exports (module socket.io))))))))"
      },
      {
        "value": "socket.io"
      },
      {
        "value": "joinRoom"
      },
      {
        "value": "1"
      }
    ]
  ]
}