{
  "project": {
    "id": 1800014234,
    "url-identifier": "g/coolaj86/nodejs-ssl-example",
    "name": "coolaj86/nodejs-ssl-example",
    "url": "https://lgtm.com/projects/g/coolaj86/nodejs-ssl-example"
  },
  "columns": [
    "type",
    "ap",
    "pkgName",
    "eventName",
    "cnt"
  ],
  "data": [
    [
      {
        "value": "listen"
      },
      {
        "value": "(return (member createServer (member exports (module https))))"
      },
      {
        "value": "https"
      },
      {
        "value": "request"
      },
      {
        "value": "1"
      }
    ],
    [
      {
        "value": "listen"
      },
      {
        "value": "(return (member createServer (member exports (module http))))"
      },
      {
        "value": "http"
      },
      {
        "value": "request"
      },
      {
        "value": "1"
      }
    ]
  ]
}