{
  "project": {
    "id": 1512041838514,
    "url-identifier": "g/carpeliam/git-safety",
    "name": "carpeliam/git-safety",
    "url": "https://lgtm.com/projects/g/carpeliam/git-safety"
  },
  "columns": [
    "type",
    "ap",
    "pkgName",
    "eventName",
    "cnt"
  ],
  "data": [
    [
      {
        "value": "listen"
      },
      {
        "value": "(return (member history (return (member getBranchCommit (return (member open (member Repository (member exports (module nodegit)))))))))"
      },
      {
        "value": "nodegit"
      },
      {
        "value": "error"
      },
      {
        "value": "1"
      }
    ],
    [
      {
        "value": "listen"
      },
      {
        "value": "(return (member history (return (member getBranchCommit (return (member open (member Repository (member exports (module nodegit)))))))))"
      },
      {
        "value": "nodegit"
      },
      {
        "value": "end"
      },
      {
        "value": "1"
      }
    ],
    [
      {
        "value": "listen"
      },
      {
        "value": "(return (member history (return (member getBranchCommit (return (member open (member Repository (member exports (module nodegit)))))))))"
      },
      {
        "value": "nodegit"
      },
      {
        "value": "commit"
      },
      {
        "value": "1"
      }
    ]
  ]
}