{
  "project": {
    "id": 1510052346285,
    "url-identifier": "g/Cognigy/SocketClient",
    "name": "Cognigy/SocketClient",
    "url": "https://lgtm.com/projects/g/Cognigy/SocketClient"
  },
  "columns": [
    "type",
    "ap",
    "pkgName",
    "eventName",
    "cnt"
  ],
  "data": [
    [
      {
        "value": "emit"
      },
      {
        "value": "(return (member connect (member exports (module socket.io-client))))"
      },
      {
        "value": "socket.io-client"
      },
      {
        "value": "processInput"
      },
      {
        "value": "1"
      }
    ],
    [
      {
        "value": "listen"
      },
      {
        "value": "(return (member connect (member exports (module socket.io-client))))"
      },
      {
        "value": "socket.io-client"
      },
      {
        "value": "exception"
      },
      {
        "value": "1"
      }
    ],
    [
      {
        "value": "listen"
      },
      {
        "value": "(return (member connect (member exports (module socket.io-client))))"
      },
      {
        "value": "socket.io-client"
      },
      {
        "value": "output"
      },
      {
        "value": "1"
      }
    ],
    [
      {
        "value": "listen"
      },
      {
        "value": "(return (member connect (member exports (module socket.io-client))))"
      },
      {
        "value": "socket.io-client"
      },
      {
        "value": "connect"
      },
      {
        "value": "1"
      }
    ],
    [
      {
        "value": "listen"
      },
      {
        "value": "(return (member connect (member exports (module socket.io-client))))"
      },
      {
        "value": "socket.io-client"
      },
      {
        "value": "typingStatus"
      },
      {
        "value": "1"
      }
    ],
    [
      {
        "value": "listen"
      },
      {
        "value": "(return (member connect (member exports (module socket.io-client))))"
      },
      {
        "value": "socket.io-client"
      },
      {
        "value": "connect_error"
      },
      {
        "value": "1"
      }
    ],
    [
      {
        "value": "listen"
      },
      {
        "value": "(return (member connect (member exports (module socket.io-client))))"
      },
      {
        "value": "socket.io-client"
      },
      {
        "value": "connect_timeout"
      },
      {
        "value": "1"
      }
    ]
  ]
}