{
  "project": {
    "id": 1510816186841,
    "url-identifier": "g/caesar-team/caesar-web-client",
    "name": "caesar-team/caesar-web-client",
    "url": "https://lgtm.com/projects/g/caesar-team/caesar-web-client"
  },
  "columns": [
    "type",
    "ap",
    "pkgName",
    "eventName",
    "cnt"
  ],
  "data": [
    [
      {
        "value": "listen"
      },
      {
        "value": "(member exports (module process))"
      },
      {
        "value": "process"
      },
      {
        "value": "SIGINT"
      },
      {
        "value": "1"
      }
    ]
  ]
}