{
  "project": {
    "id": 1772272607,
    "url-identifier": "g/dpup/node-logg",
    "name": "dpup/node-logg",
    "url": "https://lgtm.com/projects/g/dpup/node-logg"
  },
  "columns": [
    "type",
    "ap",
    "pkgName",
    "eventName",
    "cnt"
  ],
  "data": [
    [
      {
        "value": "emit"
      },
      {
        "value": "(instance (parameter 0 (member inherits (member exports (module util)))))"
      },
      {
        "value": "util"
      },
      {
        "value": ""
      },
      {
        "value": "1"
      }
    ],
    [
      {
        "value": "emit"
      },
      {
        "value": "(parameter -1 (parameter 0 (member inherits (member exports (module util)))))"
      },
      {
        "value": "util"
      },
      {
        "value": ""
      },
      {
        "value": "1"
      }
    ],
    [
      {
        "value": "listen"
      },
      {
        "value": "(instance (parameter 0 (member inherits (member exports (module util)))))"
      },
      {
        "value": "util"
      },
      {
        "value": ""
      },
      {
        "value": "1"
      }
    ],
    [
      {
        "value": "listen"
      },
      {
        "value": "(instance (parameter 0 (member inherits (member exports (module util)))))"
      },
      {
        "value": "util"
      },
      {
        "value": "test"
      },
      {
        "value": "1"
      }
    ],
    [
      {
        "value": "listen"
      },
      {
        "value": "(parameter -1 (parameter 0 (member inherits (member exports (module util)))))"
      },
      {
        "value": "util"
      },
      {
        "value": ""
      },
      {
        "value": "1"
      }
    ],
    [
      {
        "value": "listen"
      },
      {
        "value": "(parameter -1 (parameter 0 (member inherits (member exports (module util)))))"
      },
      {
        "value": "util"
      },
      {
        "value": "test"
      },
      {
        "value": "1"
      }
    ]
  ]
}