{
  "project": {
    "id": 119528210,
    "url-identifier": "g/dogescript/dogescript",
    "name": "dogescript/dogescript",
    "url": "https://lgtm.com/projects/g/dogescript/dogescript"
  },
  "columns": [
    "type",
    "ap",
    "pkgName",
    "eventName",
    "cnt"
  ],
  "data": [
    [
      {
        "value": "listen"
      },
      {
        "value": "(return (member walk (member exports (module walk))))"
      },
      {
        "value": "walk"
      },
      {
        "value": "end"
      },
      {
        "value": "1"
      }
    ],
    [
      {
        "value": "listen"
      },
      {
        "value": "(return (member walk (member exports (module walk))))"
      },
      {
        "value": "walk"
      },
      {
        "value": "names"
      },
      {
        "value": "1"
      }
    ]
  ]
}