{
  "project": {
    "id": 1511519049077,
    "url-identifier": "g/d3/d3-request",
    "name": "d3/d3-request",
    "url": "https://lgtm.com/projects/g/d3/d3-request"
  },
  "columns": [
    "type",
    "ap",
    "pkgName",
    "eventName",
    "cnt"
  ],
  "data": [
    [
      {
        "value": "listen"
      },
      {
        "value": "(return (member on (return (member dispatch (member exports (module d3-dispatch))))))"
      },
      {
        "value": "d3-dispatch"
      },
      {
        "value": "load"
      },
      {
        "value": "1"
      }
    ],
    [
      {
        "value": "listen"
      },
      {
        "value": "(return (member apply (member on (return (member dispatch (member exports (module d3-dispatch)))))))"
      },
      {
        "value": "d3-dispatch"
      },
      {
        "value": "load"
      },
      {
        "value": "1"
      }
    ]
  ]
}