{
  "project": {
    "id": 1796141622,
    "url-identifier": "g/dbushell/grunt-svg2png",
    "name": "dbushell/grunt-svg2png",
    "url": "https://lgtm.com/projects/g/dbushell/grunt-svg2png"
  },
  "columns": [
    "type",
    "ap",
    "pkgName",
    "eventName",
    "cnt"
  ],
  "data": [
    [
      {
        "value": "listen"
      },
      {
        "value": "(return (member spawn (member exports (module child_process))))"
      },
      {
        "value": "child_process"
      },
      {
        "value": "exit"
      },
      {
        "value": "1"
      }
    ],
    [
      {
        "value": "listen"
      },
      {
        "value": "(member stdout (return (member spawn (member exports (module child_process)))))"
      },
      {
        "value": "child_process"
      },
      {
        "value": "data"
      },
      {
        "value": "1"
      }
    ],
    [
      {
        "value": "listen"
      },
      {
        "value": "(return (member pipe (return (member createReadStream (member exports (module fs))))))"
      },
      {
        "value": "fs"
      },
      {
        "value": "error"
      },
      {
        "value": "1"
      }
    ],
    [
      {
        "value": "listen"
      },
      {
        "value": "(return (member pipe (return (member createReadStream (member exports (module fs))))))"
      },
      {
        "value": "fs"
      },
      {
        "value": "parsed"
      },
      {
        "value": "1"
      }
    ]
  ]
}