{
  "project": {
    "id": 1762962090,
    "url-identifier": "g/drudge/mongoose-timestamp",
    "name": "drudge/mongoose-timestamp",
    "url": "https://lgtm.com/projects/g/drudge/mongoose-timestamp"
  },
  "columns": [
    "type",
    "ap",
    "pkgName",
    "eventName",
    "cnt"
  ],
  "data": [
    [
      {
        "value": "listen"
      },
      {
        "value": "(return (member createConnection (member exports (module mongoose))))"
      },
      {
        "value": "mongoose"
      },
      {
        "value": "error"
      },
      {
        "value": "1"
      }
    ],
    [
      {
        "value": "listen"
      },
      {
        "value": "(instance (return (member model (return (member createConnection (member exports (module mongoose)))))))"
      },
      {
        "value": "mongoose"
      },
      {
        "value": "es-indexed"
      },
      {
        "value": "1"
      }
    ]
  ]
}