{
  "project": {
    "id": 1796293450,
    "url-identifier": "g/Dindaleon/hapi-react-starter-kit",
    "name": "Dindaleon/hapi-react-starter-kit",
    "url": "https://lgtm.com/projects/g/Dindaleon/hapi-react-starter-kit"
  },
  "columns": [
    "type",
    "ap",
    "pkgName",
    "eventName",
    "cnt"
  ],
  "data": [
    [
      {
        "value": "emit"
      },
      {
        "value": "(return (member exports (module socket.io)))"
      },
      {
        "value": "socket.io"
      },
      {
        "value": "msg"
      },
      {
        "value": "1"
      }
    ],
    [
      {
        "value": "emit"
      },
      {
        "value": "(return (member exports (module socket.io)))"
      },
      {
        "value": "socket.io"
      },
      {
        "value": "typing"
      },
      {
        "value": "1"
      }
    ],
    [
      {
        "value": "listen"
      },
      {
        "value": "(return (member exports (module socket.io)))"
      },
      {
        "value": "socket.io"
      },
      {
        "value": "connection"
      },
      {
        "value": "1"
      }
    ],
    [
      {
        "value": "listen"
      },
      {
        "value": "(return (member createClient (member exports (module redis))))"
      },
      {
        "value": "redis"
      },
      {
        "value": "message"
      },
      {
        "value": "1"
      }
    ],
    [
      {
        "value": "listen"
      },
      {
        "value": "(parameter 0 (parameter 1 (member on (return (member exports (module socket.io))))))"
      },
      {
        "value": "socket.io"
      },
      {
        "value": "disconnect"
      },
      {
        "value": "1"
      }
    ],
    [
      {
        "value": "listen"
      },
      {
        "value": "(parameter 0 (parameter 1 (member on (return (member exports (module socket.io))))))"
      },
      {
        "value": "socket.io"
      },
      {
        "value": "msg"
      },
      {
        "value": "1"
      }
    ],
    [
      {
        "value": "listen"
      },
      {
        "value": "(parameter 0 (parameter 1 (member on (return (member exports (module socket.io))))))"
      },
      {
        "value": "socket.io"
      },
      {
        "value": "typing"
      },
      {
        "value": "1"
      }
    ]
  ]
}