{
  "project": {
    "id": 1798320295,
    "url-identifier": "g/DaxChen/meteor-electron-client",
    "name": "DaxChen/meteor-electron-client",
    "url": "https://lgtm.com/projects/g/DaxChen/meteor-electron-client"
  },
  "columns": [
    "type",
    "ap",
    "pkgName",
    "eventName",
    "cnt"
  ],
  "data": [
    [
      {
        "value": "listen"
      },
      {
        "value": "(member exports (module app))"
      },
      {
        "value": "app"
      },
      {
        "value": "ready"
      },
      {
        "value": "2"
      }
    ],
    [
      {
        "value": "listen"
      },
      {
        "value": "(member exports (module app))"
      },
      {
        "value": "app"
      },
      {
        "value": "window-all-closed"
      },
      {
        "value": "2"
      }
    ],
    [
      {
        "value": "listen"
      },
      {
        "value": "(instance (member exports (module browser-window)))"
      },
      {
        "value": "browser-window"
      },
      {
        "value": "closed"
      },
      {
        "value": "1"
      }
    ]
  ]
}