{
  "project": {
    "id": 1506747616542,
    "url-identifier": "g/deprecate/generator-bbb",
    "name": "deprecate/generator-bbb",
    "url": "https://lgtm.com/projects/g/deprecate/generator-bbb"
  },
  "columns": [
    "type",
    "ap",
    "pkgName",
    "eventName",
    "cnt"
  ],
  "data": [
    [
      {
        "value": "listen"
      },
      {
        "value": "(parameter -1 (parameter 0 (member inherits (member exports (module util)))))"
      },
      {
        "value": "util"
      },
      {
        "value": "end"
      },
      {
        "value": "1"
      }
    ],
    [
      {
        "value": "listen"
      },
      {
        "value": "(instance (parameter 0 (member inherits (member exports (module util)))))"
      },
      {
        "value": "util"
      },
      {
        "value": "end"
      },
      {
        "value": "1"
      }
    ],
    [
      {
        "value": "listen"
      },
      {
        "value": "(member * (return (member slice (instance (member model (parameter 2 (member extend (member exports (module underscore)))))))))"
      },
      {
        "value": "underscore"
      },
      {
        "value": "all"
      },
      {
        "value": "1"
      }
    ]
  ]
}