{
  "project": {
    "id": 1506765306118,
    "url-identifier": "g/diegozanon/serverless-notifications",
    "name": "diegozanon/serverless-notifications",
    "url": "https://lgtm.com/projects/g/diegozanon/serverless-notifications"
  },
  "columns": [
    "type",
    "ap",
    "pkgName",
    "eventName",
    "cnt"
  ],
  "data": [
    [
      {
        "value": "listen"
      },
      {
        "value": "(return (member device (member exports (module aws-iot-device-sdk))))"
      },
      {
        "value": "aws-iot-device-sdk"
      },
      {
        "value": "error"
      },
      {
        "value": "1"
      }
    ],
    [
      {
        "value": "listen"
      },
      {
        "value": "(return (member device (member exports (module aws-iot-device-sdk))))"
      },
      {
        "value": "aws-iot-device-sdk"
      },
      {
        "value": "message"
      },
      {
        "value": "1"
      }
    ],
    [
      {
        "value": "listen"
      },
      {
        "value": "(return (member device (member exports (module aws-iot-device-sdk))))"
      },
      {
        "value": "aws-iot-device-sdk"
      },
      {
        "value": "close"
      },
      {
        "value": "1"
      }
    ],
    [
      {
        "value": "listen"
      },
      {
        "value": "(return (member device (member exports (module aws-iot-device-sdk))))"
      },
      {
        "value": "aws-iot-device-sdk"
      },
      {
        "value": "connect"
      },
      {
        "value": "1"
      }
    ],
    [
      {
        "value": "listen"
      },
      {
        "value": "(return (member device (member exports (module aws-iot-device-sdk))))"
      },
      {
        "value": "aws-iot-device-sdk"
      },
      {
        "value": "reconnect"
      },
      {
        "value": "1"
      }
    ],
    [
      {
        "value": "listen"
      },
      {
        "value": "(return (member device (member exports (module aws-iot-device-sdk))))"
      },
      {
        "value": "aws-iot-device-sdk"
      },
      {
        "value": "offline"
      },
      {
        "value": "1"
      }
    ]
  ]
}