{
  "project": {
    "id": 13140035,
    "url-identifier": "g/dfilatov/vow",
    "name": "dfilatov/vow",
    "url": "https://lgtm.com/projects/g/dfilatov/vow"
  },
  "columns": [
    "type",
    "ap",
    "pkgName",
    "eventName",
    "cnt"
  ],
  "data": [
    [
      {
        "value": "listen"
      },
      {
        "value": "(member exports (module process))"
      },
      {
        "value": "process"
      },
      {
        "value": "unhandledRejection"
      },
      {
        "value": "2"
      }
    ],
    [
      {
        "value": "listen"
      },
      {
        "value": "(member exports (module process))"
      },
      {
        "value": "process"
      },
      {
        "value": "uncaughtException"
      },
      {
        "value": "2"
      }
    ]
  ]
}