{
  "project": {
    "id": 1511536635698,
    "url-identifier": "g/DataDog/documentation",
    "name": "DataDog/documentation",
    "url": "https://lgtm.com/projects/g/DataDog/documentation"
  },
  "columns": [
    "type",
    "ap",
    "pkgName",
    "eventName",
    "cnt"
  ],
  "data": [
    [
      {
        "value": "listen"
      },
      {
        "value": "(member autocomplete (return (member exports (module docsearch.js))))"
      },
      {
        "value": "docsearch.js"
      },
      {
        "value": "keyup"
      },
      {
        "value": "1"
      }
    ],
    [
      {
        "value": "listen"
      },
      {
        "value": "(member autocomplete (return (member exports (module docsearch.js))))"
      },
      {
        "value": "docsearch.js"
      },
      {
        "value": "autocomplete:closed"
      },
      {
        "value": "1"
      }
    ],
    [
      {
        "value": "listen"
      },
      {
        "value": "(member autocomplete (return (member exports (module docsearch.js))))"
      },
      {
        "value": "docsearch.js"
      },
      {
        "value": "autocomplete:cursorchanged"
      },
      {
        "value": "1"
      }
    ],
    [
      {
        "value": "listen"
      },
      {
        "value": "(member autocomplete (return (member exports (module docsearch.js))))"
      },
      {
        "value": "docsearch.js"
      },
      {
        "value": "autocomplete:cursorremoved"
      },
      {
        "value": "1"
      }
    ]
  ]
}