{
  "project": {
    "id": 1511503771041,
    "url-identifier": "g/davetemplin/web-request",
    "name": "davetemplin/web-request",
    "url": "https://lgtm.com/projects/g/davetemplin/web-request"
  },
  "columns": [
    "type",
    "ap",
    "pkgName",
    "eventName",
    "cnt"
  ],
  "data": [
    [
      {
        "value": "listen"
      },
      {
        "value": "(return (member exports (module request)))"
      },
      {
        "value": "request"
      },
      {
        "value": "complete"
      },
      {
        "value": "1"
      }
    ],
    [
      {
        "value": "listen"
      },
      {
        "value": "(instance (member Request (member exports (module web-request))))"
      },
      {
        "value": "web-request"
      },
      {
        "value": "error"
      },
      {
        "value": "1"
      }
    ],
    [
      {
        "value": "listen"
      },
      {
        "value": "(return (member createWriteStream (member exports (module fs))))"
      },
      {
        "value": "fs"
      },
      {
        "value": "finish"
      },
      {
        "value": "1"
      }
    ]
  ]
}