{
  "project": {
    "id": 1505882536452,
    "url-identifier": "g/danieldalo/FinalVotingBot",
    "name": "danieldalo/FinalVotingBot",
    "url": "https://lgtm.com/projects/g/danieldalo/FinalVotingBot"
  },
  "columns": [
    "type",
    "ap",
    "pkgName",
    "eventName",
    "cnt"
  ],
  "data": [
    [
      {
        "value": "listen"
      },
      {
        "value": "(return (member create (member exports (module domain))))"
      },
      {
        "value": "domain"
      },
      {
        "value": "error"
      },
      {
        "value": "1"
      }
    ]
  ]
}