{
  "project": {
    "id": 1511493955454,
    "url-identifier": "g/DataTables/Dist-DataTables-ColReorder",
    "name": "DataTables/Dist-DataTables-ColReorder",
    "url": "https://lgtm.com/projects/g/DataTables/Dist-DataTables-ColReorder"
  },
  "columns": [
    "type",
    "ap",
    "pkgName",
    "eventName",
    "cnt"
  ],
  "data": [
    [
      {
        "value": "listen"
      },
      {
        "value": "(return (member exports (module jquery)))"
      },
      {
        "value": "jquery"
      },
      {
        "value": "draw.dt.colReorder"
      },
      {
        "value": "1"
      }
    ],
    [
      {
        "value": "listen"
      },
      {
        "value": "(return (member exports (module jquery)))"
      },
      {
        "value": "jquery"
      },
      {
        "value": "destroy.dt.colReorder"
      },
      {
        "value": "1"
      }
    ],
    [
      {
        "value": "listen"
      },
      {
        "value": "(return (member exports (module jquery)))"
      },
      {
        "value": "jquery"
      },
      {
        "value": "mousedown.ColReorder"
      },
      {
        "value": "1"
      }
    ],
    [
      {
        "value": "listen"
      },
      {
        "value": "(return (member exports (module jquery)))"
      },
      {
        "value": "jquery"
      },
      {
        "value": "mousemove.ColReorder touchmove.ColReorder"
      },
      {
        "value": "1"
      }
    ],
    [
      {
        "value": "listen"
      },
      {
        "value": "(return (member exports (module jquery)))"
      },
      {
        "value": "jquery"
      },
      {
        "value": "preInit.dt.colReorder"
      },
      {
        "value": "1"
      }
    ],
    [
      {
        "value": "listen"
      },
      {
        "value": "(return (member on (return (member exports (module jquery)))))"
      },
      {
        "value": "jquery"
      },
      {
        "value": "touchstart.ColReorder"
      },
      {
        "value": "1"
      }
    ],
    [
      {
        "value": "listen"
      },
      {
        "value": "(return (member on (return (member exports (module jquery)))))"
      },
      {
        "value": "jquery"
      },
      {
        "value": "mouseup.ColReorder touchend.ColReorder"
      },
      {
        "value": "1"
      }
    ]
  ]
}