{
  "project": {
    "id": 1512127517196,
    "url-identifier": "g/ddogadkiney/react-native-sca",
    "name": "ddogadkiney/react-native-sca",
    "url": "https://lgtm.com/projects/g/ddogadkiney/react-native-sca"
  },
  "columns": [
    "type",
    "ap",
    "pkgName",
    "eventName",
    "cnt"
  ],
  "data": [
    [
      {
        "value": "listen"
      },
      {
        "value": "(return (member ref (return (member exports (module @react-native-firebase/database)))))"
      },
      {
        "value": "@react-native-firebase/database"
      },
      {
        "value": "value"
      },
      {
        "value": "1"
      }
    ],
    [
      {
        "value": "listen"
      },
      {
        "value": "(return (member child (return (member ref (return (member exports (module @react-native-firebase/database)))))))"
      },
      {
        "value": "@react-native-firebase/database"
      },
      {
        "value": "value"
      },
      {
        "value": "1"
      }
    ]
  ]
}