{
  "project": {
    "id": 91149802,
    "url-identifier": "g/dominictarr/stream-spec",
    "name": "dominictarr/stream-spec",
    "url": "https://lgtm.com/projects/g/dominictarr/stream-spec"
  },
  "columns": [
    "type",
    "ap",
    "pkgName",
    "eventName",
    "cnt"
  ],
  "data": [
    [
      {
        "value": "emit"
      },
      {
        "value": "(parameter -1 (member _end (instance (member exports (module stream)))))"
      },
      {
        "value": "stream"
      },
      {
        "value": "end"
      },
      {
        "value": "1"
      }
    ],
    [
      {
        "value": "emit"
      },
      {
        "value": "(parameter -1 (member _end (instance (member exports (module stream)))))"
      },
      {
        "value": "stream"
      },
      {
        "value": "close"
      },
      {
        "value": "1"
      }
    ],
    [
      {
        "value": "emit"
      },
      {
        "value": "(parameter -1 (member end (instance (member exports (module stream)))))"
      },
      {
        "value": "stream"
      },
      {
        "value": "close"
      },
      {
        "value": "1"
      }
    ]
  ]
}