{
  "project": {
    "id": 1512032497022,
    "url-identifier": "g/doowb/githubbot",
    "name": "doowb/githubbot",
    "url": "https://lgtm.com/projects/g/doowb/githubbot"
  },
  "columns": [
    "type",
    "ap",
    "pkgName",
    "eventName",
    "cnt"
  ],
  "data": [
    [
      {
        "value": "listen"
      },
      {
        "value": "(parameter -1 (member exports (module githubbot)))"
      },
      {
        "value": "githubbot"
      },
      {
        "value": "issue"
      },
      {
        "value": "4"
      }
    ]
  ]
}