{
  "project": {
    "id": 1505896746896,
    "url-identifier": "g/DBCDK/serviceprovider",
    "name": "DBCDK/serviceprovider",
    "url": "https://lgtm.com/projects/g/DBCDK/serviceprovider"
  },
  "columns": [
    "type",
    "ap",
    "pkgName",
    "eventName",
    "cnt"
  ],
  "data": [
    [
      {
        "value": "listen"
      },
      {
        "value": "(return (member connect (member exports (module socketcluster-client))))"
      },
      {
        "value": "socketcluster-client"
      },
      {
        "value": "connect"
      },
      {
        "value": "1"
      }
    ],
    [
      {
        "value": "listen"
      },
      {
        "value": "(return (member connect (member exports (module socketcluster-client))))"
      },
      {
        "value": "socketcluster-client"
      },
      {
        "value": "connect"
      },
      {
        "value": "2"
      }
    ],
    [
      {
        "value": "listen"
      },
      {
        "value": "(return (member connect (member exports (module socketcluster-client))))"
      },
      {
        "value": "socketcluster-client"
      },
      {
        "value": "connectAbort"
      },
      {
        "value": "2"
      }
    ],
    [
      {
        "value": "listen"
      },
      {
        "value": "(return (member createServer (member exports (module http))))"
      },
      {
        "value": "http"
      },
      {
        "value": "request"
      },
      {
        "value": "1"
      }
    ],
    [
      {
        "value": "listen"
      },
      {
        "value": "(return (member attach (member exports (module socketcluster-server))))"
      },
      {
        "value": "socketcluster-server"
      },
      {
        "value": "connection"
      },
      {
        "value": "1"
      }
    ],
    [
      {
        "value": "listen"
      },
      {
        "value": "(parameter 0 (parameter 1 (member request (member exports (module http)))))"
      },
      {
        "value": "http"
      },
      {
        "value": "data"
      },
      {
        "value": "1"
      }
    ],
    [
      {
        "value": "listen"
      },
      {
        "value": "(parameter 0 (parameter 1 (member request (member exports (module http)))))"
      },
      {
        "value": "http"
      },
      {
        "value": "error"
      },
      {
        "value": "1"
      }
    ],
    [
      {
        "value": "listen"
      },
      {
        "value": "(parameter 0 (parameter 1 (member request (member exports (module http)))))"
      },
      {
        "value": "http"
      },
      {
        "value": "end"
      },
      {
        "value": "1"
      }
    ],
    [
      {
        "value": "listen"
      },
      {
        "value": "(parameter 1 (parameter 0 (member use (return (member exports (module express))))))"
      },
      {
        "value": "express"
      },
      {
        "value": "finish"
      },
      {
        "value": "1"
      }
    ],
    [
      {
        "value": "listen"
      },
      {
        "value": "(parameter 0 (parameter 0 (member stream (return (member from (return (member select (return (member exports (module knex))))))))))"
      },
      {
        "value": "knex"
      },
      {
        "value": "data"
      },
      {
        "value": "1"
      }
    ],
    [
      {
        "value": "listen"
      },
      {
        "value": "(parameter 0 (parameter 0 (member stream (return (member where (return (member from (return (member select (return (member exports (module knex))))))))))))"
      },
      {
        "value": "knex"
      },
      {
        "value": "data"
      },
      {
        "value": "1"
      }
    ]
  ]
}