{
  "project": {
    "id": 1506710110292,
    "url-identifier": "g/dlmanning/react-flexbox-svg",
    "name": "dlmanning/react-flexbox-svg",
    "url": "https://lgtm.com/projects/g/dlmanning/react-flexbox-svg"
  },
  "columns": [
    "type",
    "ap",
    "pkgName",
    "eventName",
    "cnt"
  ],
  "data": [
    [
      {
        "value": "emit"
      },
      {
        "value": "(instance (member exports (module wolfy87-eventemitter)))"
      },
      {
        "value": "wolfy87-eventemitter"
      },
      {
        "value": "layout-update"
      },
      {
        "value": "1"
      }
    ],
    [
      {
        "value": "emit"
      },
      {
        "value": "(member layoutNotifier (parameter -1 (member value (member * (parameter 1 (member default (member exports (module babel-runtime/helpers/create-class))))))))"
      },
      {
        "value": "babel-runtime/helpers/create-class"
      },
      {
        "value": "layout-update"
      },
      {
        "value": "1"
      }
    ],
    [
      {
        "value": "listen"
      },
      {
        "value": "(instance (member exports (module wolfy87-eventemitter)))"
      },
      {
        "value": "wolfy87-eventemitter"
      },
      {
        "value": "layout-update"
      },
      {
        "value": "1"
      }
    ],
    [
      {
        "value": "listen"
      },
      {
        "value": "(member layoutNotifier (instance (member FlexContext (member exports (module react-flexbox-svg)))))"
      },
      {
        "value": "react-flexbox-svg"
      },
      {
        "value": "layout-update"
      },
      {
        "value": "1"
      }
    ],
    [
      {
        "value": "listen"
      },
      {
        "value": "(instance (member default (return (member default (member exports (module babel-runtime/helpers/interop-require-default))))))"
      },
      {
        "value": "babel-runtime/helpers/interop-require-default"
      },
      {
        "value": "layout-update"
      },
      {
        "value": "1"
      }
    ]
  ]
}