{
  "project": {
    "id": 105309639,
    "url-identifier": "g/edwardhotchkiss/short",
    "name": "edwardhotchkiss/short",
    "url": "https://lgtm.com/projects/g/edwardhotchkiss/short"
  },
  "columns": [
    "type",
    "ap",
    "pkgName",
    "eventName",
    "cnt"
  ],
  "data": [
    [
      {
        "value": "listen"
      },
      {
        "value": "(member connection (member exports (module mongoose)))"
      },
      {
        "value": "mongoose"
      },
      {
        "value": "error"
      },
      {
        "value": "2"
      }
    ]
  ]
}