{
  "project": {
    "id": 115341869,
    "url-identifier": "g/eduardo-costa/web-bundle",
    "name": "eduardo-costa/web-bundle",
    "url": "https://lgtm.com/projects/g/eduardo-costa/web-bundle"
  },
  "columns": [
    "type",
    "ap",
    "pkgName",
    "eventName",
    "cnt"
  ],
  "data": [
    [
      {
        "value": "listen"
      },
      {
        "value": "(return (member createWriteStream (member exports (module fs))))"
      },
      {
        "value": "fs"
      },
      {
        "value": "close"
      },
      {
        "value": "1"
      }
    ],
    [
      {
        "value": "listen"
      },
      {
        "value": "(return (member pipe (return (member createReadStream (member exports (module fs))))))"
      },
      {
        "value": "fs"
      },
      {
        "value": "parsed"
      },
      {
        "value": "1"
      }
    ],
    [
      {
        "value": "listen"
      },
      {
        "value": "(return (member on (return (member pipe (return (member createReadStream (member exports (module fs))))))))"
      },
      {
        "value": "fs"
      },
      {
        "value": "error"
      },
      {
        "value": "1"
      }
    ]
  ]
}