{
  "project": {
    "id": 1506745236105,
    "url-identifier": "g/ember-cli/broccoli-builder",
    "name": "ember-cli/broccoli-builder",
    "url": "https://lgtm.com/projects/g/ember-cli/broccoli-builder"
  },
  "columns": [
    "type",
    "ap",
    "pkgName",
    "eventName",
    "cnt"
  ],
  "data": [
    [
      {
        "value": "listen"
      },
      {
        "value": "(member exports (module rsvp))"
      },
      {
        "value": "rsvp"
      },
      {
        "value": "error"
      },
      {
        "value": "1"
      }
    ],
    [
      {
        "value": "listen"
      },
      {
        "value": "(instance (member Builder (member exports (module broccoli-builder))))"
      },
      {
        "value": "broccoli-builder"
      },
      {
        "value": "start"
      },
      {
        "value": "1"
      }
    ],
    [
      {
        "value": "listen"
      },
      {
        "value": "(instance (member Builder (member exports (module broccoli-builder))))"
      },
      {
        "value": "broccoli-builder"
      },
      {
        "value": "end"
      },
      {
        "value": "1"
      }
    ],
    [
      {
        "value": "listen"
      },
      {
        "value": "(parameter -1 (member Builder (member exports (module broccoli-builder))))"
      },
      {
        "value": "broccoli-builder"
      },
      {
        "value": "start"
      },
      {
        "value": "1"
      }
    ],
    [
      {
        "value": "listen"
      },
      {
        "value": "(parameter -1 (member Builder (member exports (module broccoli-builder))))"
      },
      {
        "value": "broccoli-builder"
      },
      {
        "value": "end"
      },
      {
        "value": "1"
      }
    ]
  ]
}