{
  "project": {
    "id": 1507329406097,
    "url-identifier": "g/elodina/heron-elodina",
    "name": "elodina/heron-elodina",
    "url": "https://lgtm.com/projects/g/elodina/heron-elodina"
  },
  "columns": [
    "type",
    "ap",
    "pkgName",
    "eventName",
    "cnt"
  ],
  "data": [
    [
      {
        "value": "listen"
      },
      {
        "value": "(return (member sass (return (member exports (module gulp-load-plugins)))))"
      },
      {
        "value": "gulp-load-plugins"
      },
      {
        "value": "error"
      },
      {
        "value": "1"
      }
    ]
  ]
}