{
  "project": {
    "id": 1506711947193,
    "url-identifier": "g/epixa/card-stuff",
    "name": "epixa/card-stuff",
    "url": "https://lgtm.com/projects/g/epixa/card-stuff"
  },
  "columns": [
    "type",
    "ap",
    "pkgName",
    "eventName",
    "cnt"
  ],
  "data": [
    [
      {
        "value": "emit"
      },
      {
        "value": "(member socket (member exports (module app)))"
      },
      {
        "value": "app"
      },
      {
        "value": "model:sync"
      },
      {
        "value": "1"
      }
    ],
    [
      {
        "value": "emit"
      },
      {
        "value": "(member socket (member exports (module app)))"
      },
      {
        "value": "app"
      },
      {
        "value": "collection:sync"
      },
      {
        "value": "1"
      }
    ],
    [
      {
        "value": "listen"
      },
      {
        "value": "(member socket (member exports (module app)))"
      },
      {
        "value": "app"
      },
      {
        "value": "error"
      },
      {
        "value": "1"
      }
    ],
    [
      {
        "value": "listen"
      },
      {
        "value": "(member socket (member exports (module app)))"
      },
      {
        "value": "app"
      },
      {
        "value": "connect"
      },
      {
        "value": "1"
      }
    ],
    [
      {
        "value": "listen"
      },
      {
        "value": "(member sockets (return (member listen (member exports (module socket.io)))))"
      },
      {
        "value": "socket.io"
      },
      {
        "value": "connection"
      },
      {
        "value": "1"
      }
    ],
    [
      {
        "value": "listen"
      },
      {
        "value": "(parameter 0 (parameter 1 (member on (member sockets (return (member listen (member exports (module socket.io))))))))"
      },
      {
        "value": "socket.io"
      },
      {
        "value": "disconnect"
      },
      {
        "value": "1"
      }
    ],
    [
      {
        "value": "listen"
      },
      {
        "value": "(parameter 0 (parameter 1 (member on (member sockets (return (member listen (member exports (module socket.io))))))))"
      },
      {
        "value": "socket.io"
      },
      {
        "value": "model:sync"
      },
      {
        "value": "1"
      }
    ],
    [
      {
        "value": "listen"
      },
      {
        "value": "(parameter 0 (parameter 1 (member on (member sockets (return (member listen (member exports (module socket.io))))))))"
      },
      {
        "value": "socket.io"
      },
      {
        "value": "collection:sync"
      },
      {
        "value": "1"
      }
    ],
    [
      {
        "value": "listen"
      },
      {
        "value": "(member * (return (member slice (instance (member model (parameter 2 (member extend (member exports (module underscore)))))))))"
      },
      {
        "value": "underscore"
      },
      {
        "value": "all"
      },
      {
        "value": "1"
      }
    ]
  ]
}