{
  "project": {
    "id": 1506745476226,
    "url-identifier": "g/ember-cli/broccoli-es6modules",
    "name": "ember-cli/broccoli-es6modules",
    "url": "https://lgtm.com/projects/g/ember-cli/broccoli-es6modules"
  },
  "columns": [
    "type",
    "ap",
    "pkgName",
    "eventName",
    "cnt"
  ],
  "data": [
    [
      {
        "value": "listen"
      },
      {
        "value": "(member exports (module rsvp))"
      },
      {
        "value": "rsvp"
      },
      {
        "value": "error"
      },
      {
        "value": "1"
      }
    ]
  ]
}