{
  "project": {
    "id": 1511987351702,
    "url-identifier": "g/ExLeonem/enqueueMe",
    "name": "ExLeonem/enqueueMe",
    "url": "https://lgtm.com/projects/g/ExLeonem/enqueueMe"
  },
  "columns": [
    "type",
    "ap",
    "pkgName",
    "eventName",
    "cnt"
  ],
  "data": [
    [
      {
        "value": "listen"
      },
      {
        "value": "(instance (member Client (member exports (module discord.js))))"
      },
      {
        "value": "discord.js"
      },
      {
        "value": "message"
      },
      {
        "value": "1"
      }
    ],
    [
      {
        "value": "listen"
      },
      {
        "value": "(instance (member Client (member exports (module discord.js))))"
      },
      {
        "value": "discord.js"
      },
      {
        "value": "ready"
      },
      {
        "value": "1"
      }
    ]
  ]
}