{
  "project": {
    "id": 115131564,
    "url-identifier": "g/ericmdantas/generator-ng-fullstack",
    "name": "ericmdantas/generator-ng-fullstack",
    "url": "https://lgtm.com/projects/g/ericmdantas/generator-ng-fullstack"
  },
  "columns": [
    "type",
    "ap",
    "pkgName",
    "eventName",
    "cnt"
  ],
  "data": [
    [
      {
        "value": "listen"
      },
      {
        "value": "(member connection (member exports (module mongoose)))"
      },
      {
        "value": "mongoose"
      },
      {
        "value": "error"
      },
      {
        "value": "1"
      }
    ],
    [
      {
        "value": "listen"
      },
      {
        "value": "(return (member pipe (return (member src (member exports (module gulp))))))"
      },
      {
        "value": "gulp"
      },
      {
        "value": "end"
      },
      {
        "value": "1"
      }
    ],
    [
      {
        "value": "listen"
      },
      {
        "value": "(return (member pipe (return (member pipe (return (member src (member exports (module gulp))))))))"
      },
      {
        "value": "gulp"
      },
      {
        "value": "end"
      },
      {
        "value": "1"
      }
    ],
    [
      {
        "value": "listen"
      },
      {
        "value": "(return (member withPrompts (return (member inDir (return (member run (member exports (module yeoman-test))))))))"
      },
      {
        "value": "yeoman-test"
      },
      {
        "value": "end"
      },
      {
        "value": "1"
      }
    ],
    [
      {
        "value": "listen"
      },
      {
        "value": "(return (member pipe (return (member pipe (return (member pipe (return (member src (member exports (module gulp))))))))))"
      },
      {
        "value": "gulp"
      },
      {
        "value": "end"
      },
      {
        "value": "1"
      }
    ],
    [
      {
        "value": "listen"
      },
      {
        "value": "(return (member withOptions (return (member withPrompts (return (member inDir (return (member run (member exports (module yeoman-test))))))))))"
      },
      {
        "value": "yeoman-test"
      },
      {
        "value": "end"
      },
      {
        "value": "1"
      }
    ],
    [
      {
        "value": "listen"
      },
      {
        "value": "(return (member withOptions (return (member withArguments (return (member inTmpDir (return (member run (member exports (module yeoman-test))))))))))"
      },
      {
        "value": "yeoman-test"
      },
      {
        "value": "end"
      },
      {
        "value": "1"
      }
    ],
    [
      {
        "value": "listen"
      },
      {
        "value": "(return (member withPrompts (return (member withOptions (return (member inDir (return (member run (member exports (module yeoman-test))))))))))"
      },
      {
        "value": "yeoman-test"
      },
      {
        "value": "end"
      },
      {
        "value": "1"
      }
    ],
    [
      {
        "value": "listen"
      },
      {
        "value": "(return (member withOptions (return (member withPrompts (return (member withArguments (return (member inTmpDir (return (member run (member exports (module yeoman-test))))))))))))"
      },
      {
        "value": "yeoman-test"
      },
      {
        "value": "end"
      },
      {
        "value": "1"
      }
    ]
  ]
}