{
  "project": {
    "id": 1799443615,
    "url-identifier": "g/efeiefei/node-file-manager",
    "name": "efeiefei/node-file-manager",
    "url": "https://lgtm.com/projects/g/efeiefei/node-file-manager"
  },
  "columns": [
    "type",
    "ap",
    "pkgName",
    "eventName",
    "cnt"
  ],
  "data": [
    [
      {
        "value": "emit"
      },
      {
        "value": "(member app (parameter -1 (parameter 0 (member use (return (member exports (module koa)))))))"
      },
      {
        "value": "koa"
      },
      {
        "value": "error"
      },
      {
        "value": "1"
      }
    ]
  ]
}