{
  "project": {
    "id": 1506714186807,
    "url-identifier": "g/facelessuser/pymdown-extensions",
    "name": "facelessuser/pymdown-extensions",
    "url": "https://lgtm.com/projects/g/facelessuser/pymdown-extensions"
  },
  "columns": [
    "type",
    "ap",
    "pkgName",
    "eventName",
    "cnt"
  ],
  "data": [
    [
      {
        "value": "listen"
      },
      {
        "value": "(return (member exports (module gulp-sass)))"
      },
      {
        "value": "gulp-sass"
      },
      {
        "value": "error"
      },
      {
        "value": "1"
      }
    ]
  ]
}