{
  "project": {
    "id": 1802246351,
    "url-identifier": "g/flyandi/mazda-custom-application-sdk",
    "name": "flyandi/mazda-custom-application-sdk",
    "url": "https://lgtm.com/projects/g/flyandi/mazda-custom-application-sdk"
  },
  "columns": [
    "type",
    "ap",
    "pkgName",
    "eventName",
    "cnt"
  ],
  "data": [
    [
      {
        "value": "listen"
      },
      {
        "value": "(instance (member Server (member exports (module ws))))"
      },
      {
        "value": "ws"
      },
      {
        "value": "connection"
      },
      {
        "value": "1"
      }
    ]
  ]
}