{
  "project": {
    "id": 1506646037231,
    "url-identifier": "g/fletchto99/pebble-devboard",
    "name": "fletchto99/pebble-devboard",
    "url": "https://lgtm.com/projects/g/fletchto99/pebble-devboard"
  },
  "columns": [
    "type",
    "ap",
    "pkgName",
    "eventName",
    "cnt"
  ],
  "data": [
    [
      {
        "value": "emit"
      },
      {
        "value": "(member exports (module ui/window))"
      },
      {
        "value": "ui/window"
      },
      {
        "value": "accelData"
      },
      {
        "value": "1"
      }
    ],
    [
      {
        "value": "emit"
      },
      {
        "value": "(member exports (module ui/window))"
      },
      {
        "value": "ui/window"
      },
      {
        "value": "accelTap"
      },
      {
        "value": "1"
      }
    ],
    [
      {
        "value": "emit"
      },
      {
        "value": "(instance (member exports (module emitter)))"
      },
      {
        "value": "emitter"
      },
      {
        "value": "data"
      },
      {
        "value": "1"
      }
    ],
    [
      {
        "value": "emit"
      },
      {
        "value": "(instance (member exports (module emitter)))"
      },
      {
        "value": "emitter"
      },
      {
        "value": "tap"
      },
      {
        "value": "1"
      }
    ],
    [
      {
        "value": "listen"
      },
      {
        "value": "(instance (member Menu (member exports (module ui))))"
      },
      {
        "value": "ui"
      },
      {
        "value": "select"
      },
      {
        "value": "1"
      }
    ]
  ]
}