{
  "project": {
    "id": 1511501868578,
    "url-identifier": "g/forwardemail/free-email-forwarding",
    "name": "forwardemail/free-email-forwarding",
    "url": "https://lgtm.com/projects/g/forwardemail/free-email-forwarding"
  },
  "columns": [
    "type",
    "ap",
    "pkgName",
    "eventName",
    "cnt"
  ],
  "data": [
    [
      {
        "value": "listen"
      },
      {
        "value": "(instance (member exports (module nodemailer/lib/smtp-connection)))"
      },
      {
        "value": "nodemailer/lib/smtp-connection"
      },
      {
        "value": "error"
      },
      {
        "value": "1"
      }
    ],
    [
      {
        "value": "listen"
      },
      {
        "value": "(instance (member exports (module nodemailer/lib/smtp-connection)))"
      },
      {
        "value": "nodemailer/lib/smtp-connection"
      },
      {
        "value": "end"
      },
      {
        "value": "1"
      }
    ],
    [
      {
        "value": "listen"
      },
      {
        "value": "(instance (member SMTPServer (member exports (module smtp-server))))"
      },
      {
        "value": "smtp-server"
      },
      {
        "value": "error"
      },
      {
        "value": "1"
      }
    ],
    [
      {
        "value": "listen"
      },
      {
        "value": "(member server (instance (member exports (module forward-email))))"
      },
      {
        "value": "forward-email"
      },
      {
        "value": "error"
      },
      {
        "value": "1"
      }
    ],
    [
      {
        "value": "listen"
      },
      {
        "value": "(parameter 0 (member onData (instance (member exports (module forward-email)))))"
      },
      {
        "value": "forward-email"
      },
      {
        "value": "error"
      },
      {
        "value": "1"
      }
    ],
    [
      {
        "value": "listen"
      },
      {
        "value": "(parameter 0 (member onData (instance (member exports (module forward-email)))))"
      },
      {
        "value": "forward-email"
      },
      {
        "value": "end"
      },
      {
        "value": "1"
      }
    ],
    [
      {
        "value": "listen"
      },
      {
        "value": "(parameter 0 (member onData (instance (member exports (module forward-email)))))"
      },
      {
        "value": "forward-email"
      },
      {
        "value": "readable"
      },
      {
        "value": "1"
      }
    ]
  ]
}