{
  "project": {
    "id": 1507997436013,
    "url-identifier": "g/Fraudmarc/fraudmarc-ce",
    "name": "Fraudmarc/fraudmarc-ce",
    "url": "https://lgtm.com/projects/g/Fraudmarc/fraudmarc-ce"
  },
  "columns": [
    "type",
    "ap",
    "pkgName",
    "eventName",
    "cnt"
  ],
  "data": [
    [
      {
        "value": "emit"
      },
      {
        "value": "(instance (member EventEmitter (member exports (module @angular/core))))"
      },
      {
        "value": "@angular/core"
      },
      {
        "value": "There was a problem processing this request"
      },
      {
        "value": "1"
      }
    ]
  ]
}