{
  "project": {
    "id": 1512546389780,
    "url-identifier": "g/GeoscienceAustralia/metrics",
    "name": "GeoscienceAustralia/metrics",
    "url": "https://lgtm.com/projects/g/GeoscienceAustralia/metrics"
  },
  "columns": [
    "type",
    "ap",
    "pkgName",
    "eventName",
    "cnt"
  ],
  "data": [
    [
      {
        "value": "listen"
      },
      {
        "value": "(return (member request (member exports (module https))))"
      },
      {
        "value": "https"
      },
      {
        "value": "error"
      },
      {
        "value": "1"
      }
    ],
    [
      {
        "value": "listen"
      },
      {
        "value": "(parameter 0 (parameter 1 (member request (member exports (module https)))))"
      },
      {
        "value": "https"
      },
      {
        "value": "data"
      },
      {
        "value": "1"
      }
    ],
    [
      {
        "value": "listen"
      },
      {
        "value": "(parameter 0 (parameter 1 (member request (member exports (module https)))))"
      },
      {
        "value": "https"
      },
      {
        "value": "end"
      },
      {
        "value": "1"
      }
    ],
    [
      {
        "value": "listen"
      },
      {
        "value": "(parameter 0 (parameter 2 (member handleRequest (instance (member NodeHttpClient (member exports (module aws-sdk)))))))"
      },
      {
        "value": "aws-sdk"
      },
      {
        "value": "data"
      },
      {
        "value": "1"
      }
    ],
    [
      {
        "value": "listen"
      },
      {
        "value": "(parameter 0 (parameter 2 (member handleRequest (instance (member NodeHttpClient (member exports (module aws-sdk)))))))"
      },
      {
        "value": "aws-sdk"
      },
      {
        "value": "end"
      },
      {
        "value": "1"
      }
    ]
  ]
}