{
  "project": {
    "id": 4870022,
    "url-identifier": "g/googleapis/google-api-nodejs-client",
    "name": "googleapis/google-api-nodejs-client",
    "url": "https://lgtm.com/projects/g/googleapis/google-api-nodejs-client"
  },
  "columns": [
    "type",
    "ap",
    "pkgName",
    "eventName",
    "cnt"
  ],
  "data": [
    [
      {
        "value": "listen"
      },
      {
        "value": "(member data (promised (return (member export (member files (return (member drive (member google (member exports (module googleapis))))))))))"
      },
      {
        "value": "googleapis"
      },
      {
        "value": "error"
      },
      {
        "value": "1"
      }
    ],
    [
      {
        "value": "listen"
      },
      {
        "value": "(member data (promised (return (member get (member files (return (member drive (member google (member exports (module googleapis))))))))))"
      },
      {
        "value": "googleapis"
      },
      {
        "value": "end"
      },
      {
        "value": "1"
      }
    ],
    [
      {
        "value": "listen"
      },
      {
        "value": "(return (member on (member data (promised (return (member get (member files (return (member drive (member google (member exports (module googleapis))))))))))))"
      },
      {
        "value": "googleapis"
      },
      {
        "value": "error"
      },
      {
        "value": "1"
      }
    ],
    [
      {
        "value": "listen"
      },
      {
        "value": "(return (member pipe (return (member on (member data (promised (return (member export (member files (return (member drive (member google (member exports (module googleapis))))))))))))))"
      },
      {
        "value": "googleapis"
      },
      {
        "value": "error"
      },
      {
        "value": "1"
      }
    ],
    [
      {
        "value": "listen"
      },
      {
        "value": "(return (member on (return (member on (member data (promised (return (member get (member files (return (member drive (member google (member exports (module googleapis))))))))))))))"
      },
      {
        "value": "googleapis"
      },
      {
        "value": "data"
      },
      {
        "value": "1"
      }
    ],
    [
      {
        "value": "listen"
      },
      {
        "value": "(return (member on (return (member pipe (return (member on (member data (promised (return (member export (member files (return (member drive (member google (member exports (module googleapis))))))))))))))))"
      },
      {
        "value": "googleapis"
      },
      {
        "value": "finish"
      },
      {
        "value": "1"
      }
    ]
  ]
}