{
  "project": {
    "id": 1506266556209,
    "url-identifier": "g/guardian/interactive-hero-dogs",
    "name": "guardian/interactive-hero-dogs",
    "url": "https://lgtm.com/projects/g/guardian/interactive-hero-dogs"
  },
  "columns": [
    "type",
    "ap",
    "pkgName",
    "eventName",
    "cnt"
  ],
  "data": [
    [
      {
        "value": "listen"
      },
      {
        "value": "(instance (member exports (module ractive)))"
      },
      {
        "value": "ractive"
      },
      {
        "value": "selectDog"
      },
      {
        "value": "1"
      }
    ],
    [
      {
        "value": "listen"
      },
      {
        "value": "(instance (member exports (module ractive)))"
      },
      {
        "value": "ractive"
      },
      {
        "value": "shareDog"
      },
      {
        "value": "1"
      }
    ]
  ]
}