{
  "project": {
    "id": 1506261436224,
    "url-identifier": "g/guardian/interactive-euros2016-player-guide",
    "name": "guardian/interactive-euros2016-player-guide",
    "url": "https://lgtm.com/projects/g/guardian/interactive-euros2016-player-guide"
  },
  "columns": [
    "type",
    "ap",
    "pkgName",
    "eventName",
    "cnt"
  ],
  "data": [
    [
      {
        "value": "listen"
      },
      {
        "value": "(return (member walk (member exports (module fs-extra))))"
      },
      {
        "value": "fs-extra"
      },
      {
        "value": "data"
      },
      {
        "value": "1"
      }
    ],
    [
      {
        "value": "listen"
      },
      {
        "value": "(return (member on (return (member walk (member exports (module fs-extra))))))"
      },
      {
        "value": "fs-extra"
      },
      {
        "value": "end"
      },
      {
        "value": "1"
      }
    ]
  ]
}