{
  "project": {
    "id": 1766771797,
    "url-identifier": "g/gtg092x/gulp-sftp",
    "name": "gtg092x/gulp-sftp",
    "url": "https://lgtm.com/projects/g/gtg092x/gulp-sftp"
  },
  "columns": [
    "type",
    "ap",
    "pkgName",
    "eventName",
    "cnt"
  ],
  "data": [
    [
      {
        "value": "emit"
      },
      {
        "value": "(parameter -1 (member exports (module gulp-sftp)))"
      },
      {
        "value": "gulp-sftp"
      },
      {
        "value": "error"
      },
      {
        "value": "2"
      }
    ],
    [
      {
        "value": "emit"
      },
      {
        "value": "(parameter -1 (parameter 0 (member obj (member exports (module through2)))))"
      },
      {
        "value": "through2"
      },
      {
        "value": "error"
      },
      {
        "value": "2"
      }
    ],
    [
      {
        "value": "emit"
      },
      {
        "value": "(parameter -1 (parameter 1 (member on (parameter 1 (parameter 0 (member sftp (instance (member exports (module ssh2)))))))))"
      },
      {
        "value": "ssh2"
      },
      {
        "value": "error"
      },
      {
        "value": "1"
      }
    ],
    [
      {
        "value": "listen"
      },
      {
        "value": "(instance (member exports (module ssh2)))"
      },
      {
        "value": "ssh2"
      },
      {
        "value": "error"
      },
      {
        "value": "1"
      }
    ],
    [
      {
        "value": "listen"
      },
      {
        "value": "(instance (member exports (module ssh2)))"
      },
      {
        "value": "ssh2"
      },
      {
        "value": "end"
      },
      {
        "value": "1"
      }
    ],
    [
      {
        "value": "listen"
      },
      {
        "value": "(instance (member exports (module ssh2)))"
      },
      {
        "value": "ssh2"
      },
      {
        "value": "ready"
      },
      {
        "value": "1"
      }
    ],
    [
      {
        "value": "listen"
      },
      {
        "value": "(instance (member exports (module ssh2)))"
      },
      {
        "value": "ssh2"
      },
      {
        "value": "close"
      },
      {
        "value": "1"
      }
    ],
    [
      {
        "value": "listen"
      },
      {
        "value": "(parameter 1 (parameter 0 (member sftp (instance (member exports (module ssh2))))))"
      },
      {
        "value": "ssh2"
      },
      {
        "value": "end"
      },
      {
        "value": "1"
      }
    ]
  ]
}