{
  "project": {
    "id": 106571533,
    "url-identifier": "g/gocardless/es6-angularjs",
    "name": "gocardless/es6-angularjs",
    "url": "https://lgtm.com/projects/g/gocardless/es6-angularjs"
  },
  "columns": [
    "type",
    "ap",
    "pkgName",
    "eventName",
    "cnt"
  ],
  "data": [
    [
      {
        "value": "listen"
      },
      {
        "value": "(return (member exports (module fb-flo)))"
      },
      {
        "value": "fb-flo"
      },
      {
        "value": "ready"
      },
      {
        "value": "1"
      }
    ],
    [
      {
        "value": "listen"
      },
      {
        "value": "(return (member listen (return (member createServer (member exports (module http))))))"
      },
      {
        "value": "http"
      },
      {
        "value": "error"
      },
      {
        "value": "1"
      }
    ],
    [
      {
        "value": "listen"
      },
      {
        "value": "(return (member once (return (member listen (return (member createServer (member exports (module http))))))))"
      },
      {
        "value": "http"
      },
      {
        "value": "listening"
      },
      {
        "value": "1"
      }
    ]
  ]
}