{
  "project": {
    "id": 1506268436065,
    "url-identifier": "g/guardian/fulfilment-lambdas",
    "name": "guardian/fulfilment-lambdas",
    "url": "https://lgtm.com/projects/g/guardian/fulfilment-lambdas"
  },
  "columns": [
    "type",
    "ap",
    "pkgName",
    "eventName",
    "cnt"
  ],
  "data": [
    [
      {
        "value": "listen"
      },
      {
        "value": "(return (member pipe (return (member exports (module multistream)))))"
      },
      {
        "value": "multistream"
      },
      {
        "value": "error"
      },
      {
        "value": "1"
      }
    ],
    [
      {
        "value": "listen"
      },
      {
        "value": "(return (member on (return (member pipe (return (member exports (module multistream)))))))"
      },
      {
        "value": "multistream"
      },
      {
        "value": "data"
      },
      {
        "value": "1"
      }
    ],
    [
      {
        "value": "listen"
      },
      {
        "value": "(return (member on (return (member on (return (member pipe (return (member exports (module multistream)))))))))"
      },
      {
        "value": "multistream"
      },
      {
        "value": "end"
      },
      {
        "value": "1"
      }
    ],
    [
      {
        "value": "listen"
      },
      {
        "value": "(return (member pipe (return (member createReadStream (return (member getObject (instance (member S3 (member exports (module aws-sdk))))))))))"
      },
      {
        "value": "aws-sdk"
      },
      {
        "value": "error"
      },
      {
        "value": "1"
      }
    ],
    [
      {
        "value": "listen"
      },
      {
        "value": "(return (member on (return (member pipe (return (member createReadStream (return (member getObject (instance (member S3 (member exports (module aws-sdk))))))))))))"
      },
      {
        "value": "aws-sdk"
      },
      {
        "value": "data"
      },
      {
        "value": "1"
      }
    ],
    [
      {
        "value": "listen"
      },
      {
        "value": "(return (member on (return (member on (return (member pipe (return (member createReadStream (return (member getObject (instance (member S3 (member exports (module aws-sdk))))))))))))))"
      },
      {
        "value": "aws-sdk"
      },
      {
        "value": "end"
      },
      {
        "value": "1"
      }
    ]
  ]
}