{
  "project": {
    "id": 1508814106480,
    "url-identifier": "g/guigaoliveira/backend-boilerplate",
    "name": "guigaoliveira/backend-boilerplate",
    "url": "https://lgtm.com/projects/g/guigaoliveira/backend-boilerplate"
  },
  "columns": [
    "type",
    "ap",
    "pkgName",
    "eventName",
    "cnt"
  ],
  "data": [
    [
      {
        "value": "listen"
      },
      {
        "value": "(instance (member exports (module ioredis)))"
      },
      {
        "value": "ioredis"
      },
      {
        "value": "error"
      },
      {
        "value": "1"
      }
    ],
    [
      {
        "value": "listen"
      },
      {
        "value": "(instance (member exports (module ioredis)))"
      },
      {
        "value": "ioredis"
      },
      {
        "value": "connect"
      },
      {
        "value": "1"
      }
    ]
  ]
}