{
  "project": {
    "id": 1796260503,
    "url-identifier": "g/glesperance/node-rocket",
    "name": "glesperance/node-rocket",
    "url": "https://lgtm.com/projects/g/glesperance/node-rocket"
  },
  "columns": [
    "type",
    "ap",
    "pkgName",
    "eventName",
    "cnt"
  ],
  "data": [
    [
      {
        "value": "listen"
      },
      {
        "value": "(instance (member FileEventEmitter (member exports (module async-fs))))"
      },
      {
        "value": "async-fs"
      },
      {
        "value": "changes"
      },
      {
        "value": "1"
      }
    ],
    [
      {
        "value": "listen"
      },
      {
        "value": "(return (member watchTree (member exports (module async-fs))))"
      },
      {
        "value": "async-fs"
      },
      {
        "value": "change"
      },
      {
        "value": "1"
      }
    ],
    [
      {
        "value": "listen"
      },
      {
        "value": "(parameter 0 (member * (parameter 1 (member mapDir (member exports (module async-fs))))))"
      },
      {
        "value": "async-fs"
      },
      {
        "value": "change"
      },
      {
        "value": "1"
      }
    ],
    [
      {
        "value": "listen"
      },
      {
        "value": "(parameter 0 (member * (parameter 1 (member mapDir (member exports (module async-fs))))))"
      },
      {
        "value": "async-fs"
      },
      {
        "value": "destroy"
      },
      {
        "value": "1"
      }
    ]
  ]
}