{
  "project": {
    "id": 1511533996199,
    "url-identifier": "g/gka/d3-jetpack",
    "name": "gka/d3-jetpack",
    "url": "https://lgtm.com/projects/g/gka/d3-jetpack"
  },
  "columns": [
    "type",
    "ap",
    "pkgName",
    "eventName",
    "cnt"
  ],
  "data": [
    [
      {
        "value": "listen"
      },
      {
        "value": "(parameter 0 (member attachTooltip (member exports (module d3-jetpack))))"
      },
      {
        "value": "d3-jetpack"
      },
      {
        "value": "mouseover.attachTooltip"
      },
      {
        "value": "1"
      }
    ],
    [
      {
        "value": "listen"
      },
      {
        "value": "(return (member on (parameter 0 (member attachTooltip (member exports (module d3-jetpack))))))"
      },
      {
        "value": "d3-jetpack"
      },
      {
        "value": "mousemove.attachTooltip"
      },
      {
        "value": "1"
      }
    ],
    [
      {
        "value": "listen"
      },
      {
        "value": "(return (member on (return (member on (parameter 0 (member attachTooltip (member exports (module d3-jetpack))))))))"
      },
      {
        "value": "d3-jetpack"
      },
      {
        "value": "mouseout.attachTooltip"
      },
      {
        "value": "1"
      }
    ],
    [
      {
        "value": "listen"
      },
      {
        "value": "(return (member on (return (member on (return (member on (parameter 0 (member attachTooltip (member exports (module d3-jetpack))))))))))"
      },
      {
        "value": "d3-jetpack"
      },
      {
        "value": "click.attachTooltip"
      },
      {
        "value": "1"
      }
    ]
  ]
}