{
  "project": {
    "id": 1506706708338,
    "url-identifier": "g/GSA/sam-ui-elements",
    "name": "GSA/sam-ui-elements",
    "url": "https://lgtm.com/projects/g/GSA/sam-ui-elements"
  },
  "columns": [
    "type",
    "ap",
    "pkgName",
    "eventName",
    "cnt"
  ],
  "data": [
    [
      {
        "value": "emit"
      },
      {
        "value": "(instance (member EventEmitter (member exports (module @angular/core))))"
      },
      {
        "value": "@angular/core"
      },
      {
        "value": ""
      },
      {
        "value": "3"
      }
    ],
    [
      {
        "value": "emit"
      },
      {
        "value": "(instance (member EventEmitter (member exports (module @angular/core))))"
      },
      {
        "value": "@angular/core"
      },
      {
        "value": "year entered"
      },
      {
        "value": "1"
      }
    ],
    [
      {
        "value": "emit"
      },
      {
        "value": "(instance (member EventEmitter (member exports (module @angular/core))))"
      },
      {
        "value": "@angular/core"
      },
      {
        "value": "Invalid Date"
      },
      {
        "value": "2"
      }
    ],
    [
      {
        "value": "emit"
      },
      {
        "value": "(member valueChange (instance (member SamDateComponent (member exports (module @gsa-sam/sam-ui-elements)))))"
      },
      {
        "value": "@gsa-sam/sam-ui-elements"
      },
      {
        "value": "Invalid Date"
      },
      {
        "value": "1"
      }
    ],
    [
      {
        "value": "emit"
      },
      {
        "value": "(member blurEvent (instance (member SamDateComponent (member exports (module @gsa-sam/sam-ui-elements)))))"
      },
      {
        "value": "@gsa-sam/sam-ui-elements"
      },
      {
        "value": "year entered"
      },
      {
        "value": "1"
      }
    ],
    [
      {
        "value": "emit"
      },
      {
        "value": "(member filterTextChange (instance (parameter 0 (member createComponent (member TestBed (member exports (module @angular/core/testing)))))))"
      },
      {
        "value": "@angular/core/testing"
      },
      {
        "value": ""
      },
      {
        "value": "1"
      }
    ],
    [
      {
        "value": "listen"
      },
      {
        "value": "(member _dispatcher (member combobox (instance (member * (member declarations (parameter 0 (member NgModule (member exports (module @angular/core)))))))))"
      },
      {
        "value": "@angular/core"
      },
      {
        "value": "search"
      },
      {
        "value": "1"
      }
    ],
    [
      {
        "value": "listen"
      },
      {
        "value": "(member _dispatcher (member combobox (instance (member * (member declarations (parameter 0 (member NgModule (member exports (module @angular/core)))))))))"
      },
      {
        "value": "@angular/core"
      },
      {
        "value": "change"
      },
      {
        "value": "1"
      }
    ]
  ]
}