{
  "project": {
    "id": 1506096657074,
    "url-identifier": "g/Garito/WorkbenchFS",
    "name": "Garito/WorkbenchFS",
    "url": "https://lgtm.com/projects/g/Garito/WorkbenchFS"
  },
  "columns": [
    "type",
    "ap",
    "pkgName",
    "eventName",
    "cnt"
  ],
  "data": [
    [
      {
        "value": "listen"
      },
      {
        "value": "(return (member createServer (member exports (module http))))"
      },
      {
        "value": "http"
      },
      {
        "value": "error"
      },
      {
        "value": "1"
      }
    ],
    [
      {
        "value": "listen"
      },
      {
        "value": "(parameter 0 (parameter 1 (member request (member exports (module https)))))"
      },
      {
        "value": "https"
      },
      {
        "value": "data"
      },
      {
        "value": "1"
      }
    ],
    [
      {
        "value": "listen"
      },
      {
        "value": "(parameter 0 (parameter 1 (member request (member exports (module https)))))"
      },
      {
        "value": "https"
      },
      {
        "value": "end"
      },
      {
        "value": "1"
      }
    ],
    [
      {
        "value": "listen"
      },
      {
        "value": "(parameter 0 (parameter 0 (member createServer (member exports (module http)))))"
      },
      {
        "value": "http"
      },
      {
        "value": "end"
      },
      {
        "value": "1"
      }
    ]
  ]
}