{
  "project": {
    "id": 1507658186457,
    "url-identifier": "g/ggergo/jquery-miller-columns",
    "name": "ggergo/jquery-miller-columns",
    "url": "https://lgtm.com/projects/g/ggergo/jquery-miller-columns"
  },
  "columns": [
    "type",
    "ap",
    "pkgName",
    "eventName",
    "cnt"
  ],
  "data": [
    [
      {
        "value": "listen"
      },
      {
        "value": "(return (member exports (module jquery)))"
      },
      {
        "value": "jquery"
      },
      {
        "value": "click"
      },
      {
        "value": "1"
      }
    ]
  ]
}