{
  "project": {
    "id": 1506706770334,
    "url-identifier": "g/GoogleChromeLabs/carlo",
    "name": "GoogleChromeLabs/carlo",
    "url": "https://lgtm.com/projects/g/GoogleChromeLabs/carlo"
  },
  "columns": [
    "type",
    "ap",
    "pkgName",
    "eventName",
    "cnt"
  ],
  "data": [
    [
      {
        "value": "listen"
      },
      {
        "value": "(member exports (module process))"
      },
      {
        "value": "process"
      },
      {
        "value": "message"
      },
      {
        "value": "1"
      }
    ],
    [
      {
        "value": "listen"
      },
      {
        "value": "(return (member spawn (member exports (module ndb-node-pty-prebuilt))))"
      },
      {
        "value": "ndb-node-pty-prebuilt"
      },
      {
        "value": "data"
      },
      {
        "value": "1"
      }
    ],
    [
      {
        "value": "listen"
      },
      {
        "value": "(return (member fork (member exports (module child_process))))"
      },
      {
        "value": "child_process"
      },
      {
        "value": "message"
      },
      {
        "value": "1"
      }
    ],
    [
      {
        "value": "listen"
      },
      {
        "value": "(promised (return (member launch (member exports (module carlo)))))"
      },
      {
        "value": "carlo"
      },
      {
        "value": "exit"
      },
      {
        "value": "1"
      }
    ],
    [
      {
        "value": "listen"
      },
      {
        "value": "(promised (return (member launch (member exports (module carlo)))))"
      },
      {
        "value": "carlo"
      },
      {
        "value": "window"
      },
      {
        "value": "1"
      }
    ],
    [
      {
        "value": "listen"
      },
      {
        "value": "(promised (return (member launch (member exports (module puppeteer-core)))))"
      },
      {
        "value": "puppeteer-core"
      },
      {
        "value": "targetcreated"
      },
      {
        "value": "1"
      }
    ],
    [
      {
        "value": "listen"
      },
      {
        "value": "(return (member mainWindow (promised (return (member launch (member exports (module carlo)))))))"
      },
      {
        "value": "carlo"
      },
      {
        "value": "close"
      },
      {
        "value": "1"
      }
    ],
    [
      {
        "value": "listen"
      },
      {
        "value": "(promised (return (member createWindow (promised (return (member launch (member exports (module carlo))))))))"
      },
      {
        "value": "carlo"
      },
      {
        "value": "close"
      },
      {
        "value": "1"
      }
    ],
    [
      {
        "value": "listen"
      },
      {
        "value": "(member * (return (member values (member windows_ (promised (return (member launch (member exports (module carlo)))))))))"
      },
      {
        "value": "carlo"
      },
      {
        "value": "close"
      },
      {
        "value": "1"
      }
    ]
  ]
}