{
  "project": {
    "id": 1506271906321,
    "url-identifier": "g/guardian/interactive-atom-paygap-calendar",
    "name": "guardian/interactive-atom-paygap-calendar",
    "url": "https://lgtm.com/projects/g/guardian/interactive-atom-paygap-calendar"
  },
  "columns": [
    "type",
    "ap",
    "pkgName",
    "eventName",
    "cnt"
  ],
  "data": [
    [
      {
        "value": "emit"
      },
      {
        "value": "(parameter -1 (parameter 1 (member on (return (member pipe (return (member pipe (return (member src (member exports (module gulp)))))))))))"
      },
      {
        "value": "gulp"
      },
      {
        "value": "end"
      },
      {
        "value": "1"
      }
    ],
    [
      {
        "value": "listen"
      },
      {
        "value": "(return (member exports (module gulp-sass)))"
      },
      {
        "value": "gulp-sass"
      },
      {
        "value": "error"
      },
      {
        "value": "1"
      }
    ],
    [
      {
        "value": "listen"
      },
      {
        "value": "(return (member watch (member exports (module gulp))))"
      },
      {
        "value": "gulp"
      },
      {
        "value": "change"
      },
      {
        "value": "1"
      }
    ],
    [
      {
        "value": "listen"
      },
      {
        "value": "(return (member pipe (return (member src (member exports (module gulp))))))"
      },
      {
        "value": "gulp"
      },
      {
        "value": "end"
      },
      {
        "value": "1"
      }
    ],
    [
      {
        "value": "listen"
      },
      {
        "value": "(return (member pipe (return (member pipe (return (member exports (module gulp-file)))))))"
      },
      {
        "value": "gulp-file"
      },
      {
        "value": "end"
      },
      {
        "value": "1"
      }
    ],
    [
      {
        "value": "listen"
      },
      {
        "value": "(return (member pipe (return (member pipe (return (member src (member exports (module gulp))))))))"
      },
      {
        "value": "gulp"
      },
      {
        "value": "error"
      },
      {
        "value": "1"
      }
    ],
    [
      {
        "value": "listen"
      },
      {
        "value": "(return (member pipe (return (member pipe (return (member src (member exports (module gulp))))))))"
      },
      {
        "value": "gulp"
      },
      {
        "value": "end"
      },
      {
        "value": "1"
      }
    ],
    [
      {
        "value": "listen"
      },
      {
        "value": "(return (member y (return (member x (return (member swoopyDrag (member exports (module d3-swoopy-drag))))))))"
      },
      {
        "value": "d3-swoopy-drag"
      },
      {
        "value": "drag"
      },
      {
        "value": "1"
      }
    ],
    [
      {
        "value": "listen"
      },
      {
        "value": "(return (member pipe (return (member pipe (return (member pipe (return (member src (member exports (module gulp))))))))))"
      },
      {
        "value": "gulp"
      },
      {
        "value": "end"
      },
      {
        "value": "1"
      }
    ],
    [
      {
        "value": "listen"
      },
      {
        "value": "(return (member classed (return (member style (return (member append (return (member select (member exports (module d3))))))))))"
      },
      {
        "value": "d3"
      },
      {
        "value": "click"
      },
      {
        "value": "1"
      }
    ],
    [
      {
        "value": "listen"
      },
      {
        "value": "(return (member classed (return (member append (return (member classed (return (member insert (return (member select (member exports (module d3))))))))))))"
      },
      {
        "value": "d3"
      },
      {
        "value": "keyup"
      },
      {
        "value": "1"
      }
    ]
  ]
}