{
  "project": {
    "id": 97706532,
    "url-identifier": "g/GianlucaGuarini/parallax",
    "name": "GianlucaGuarini/parallax",
    "url": "https://lgtm.com/projects/g/GianlucaGuarini/parallax"
  },
  "columns": [
    "type",
    "ap",
    "pkgName",
    "eventName",
    "cnt"
  ],
  "data": [
    [
      {
        "value": "listen"
      },
      {
        "value": "(return (member spawn (member exports (module child_process))))"
      },
      {
        "value": "child_process"
      },
      {
        "value": "exit"
      },
      {
        "value": "1"
      }
    ],
    [
      {
        "value": "listen"
      },
      {
        "value": "(return (member watch (member exports (module chokidar))))"
      },
      {
        "value": "chokidar"
      },
      {
        "value": "all"
      },
      {
        "value": "1"
      }
    ]
  ]
}