{
  "project": {
    "id": 1512034239229,
    "url-identifier": "g/gomoob/i18n",
    "name": "gomoob/i18n",
    "url": "https://lgtm.com/projects/g/gomoob/i18n"
  },
  "columns": [
    "type",
    "ap",
    "pkgName",
    "eventName",
    "cnt"
  ],
  "data": [
    [
      {
        "value": "listen"
      },
      {
        "value": "(return (member pipe (return (member pipe (return (member pipe (return (member pipe (return (member src (member exports (module gulp))))))))))))"
      },
      {
        "value": "gulp"
      },
      {
        "value": "error"
      },
      {
        "value": "1"
      }
    ]
  ]
}