{
  "project": {
    "id": 1512056718394,
    "url-identifier": "g/gulpetl/gulp-etl-target-text",
    "name": "gulpetl/gulp-etl-target-text",
    "url": "https://lgtm.com/projects/g/gulpetl/gulp-etl-target-text"
  },
  "columns": [
    "type",
    "ap",
    "pkgName",
    "eventName",
    "cnt"
  ],
  "data": [
    [
      {
        "value": "emit"
      },
      {
        "value": "(parameter -1 (parameter 0 (member obj (member exports (module through2)))))"
      },
      {
        "value": "through2"
      },
      {
        "value": "error"
      },
      {
        "value": "1"
      }
    ],
    [
      {
        "value": "listen"
      },
      {
        "value": "(return (member pipe (return (member src (member exports (module gulp))))))"
      },
      {
        "value": "gulp"
      },
      {
        "value": "data"
      },
      {
        "value": "1"
      }
    ],
    [
      {
        "value": "listen"
      },
      {
        "value": "(return (member pipe (return (member obj (member exports (module from2))))))"
      },
      {
        "value": "from2"
      },
      {
        "value": "data"
      },
      {
        "value": "1"
      }
    ],
    [
      {
        "value": "listen"
      },
      {
        "value": "(return (member pipe (return (member pipe (return (member pipe (return (member createReadStream (member exports (module fs))))))))))"
      },
      {
        "value": "fs"
      },
      {
        "value": "data"
      },
      {
        "value": "1"
      }
    ],
    [
      {
        "value": "listen"
      },
      {
        "value": "(return (member pipe (return (member pipe (member contents (parameter 0 (parameter 0 (member obj (member exports (module through2))))))))))"
      },
      {
        "value": "through2"
      },
      {
        "value": "end"
      },
      {
        "value": "1"
      }
    ],
    [
      {
        "value": "listen"
      },
      {
        "value": "(member contents (parameter 0 (parameter 1 (member once (return (member pipe (return (member obj (member exports (module from2))))))))))"
      },
      {
        "value": "from2"
      },
      {
        "value": "data"
      },
      {
        "value": "1"
      }
    ],
    [
      {
        "value": "listen"
      },
      {
        "value": "(member contents (parameter 0 (parameter 1 (member once (return (member pipe (return (member obj (member exports (module from2))))))))))"
      },
      {
        "value": "from2"
      },
      {
        "value": "end"
      },
      {
        "value": "1"
      }
    ],
    [
      {
        "value": "listen"
      },
      {
        "value": "(return (member on (return (member pipe (return (member pipe (member contents (parameter 0 (parameter 0 (member obj (member exports (module through2))))))))))))"
      },
      {
        "value": "through2"
      },
      {
        "value": "error"
      },
      {
        "value": "1"
      }
    ],
    [
      {
        "value": "listen"
      },
      {
        "value": "(return (member pipe (return (member pipe (return (member pipe (return (member on (return (member pipe (return (member src (member exports (module gulp))))))))))))))"
      },
      {
        "value": "gulp"
      },
      {
        "value": "data"
      },
      {
        "value": "1"
      }
    ],
    [
      {
        "value": "listen"
      },
      {
        "value": "(return (member on (return (member pipe (return (member pipe (return (member pipe (return (member on (return (member pipe (return (member src (member exports (module gulp))))))))))))))))"
      },
      {
        "value": "gulp"
      },
      {
        "value": "end"
      },
      {
        "value": "1"
      }
    ]
  ]
}