{
  "project": {
    "id": 1511503826428,
    "url-identifier": "g/guybedford/es-module-shims",
    "name": "guybedford/es-module-shims",
    "url": "https://lgtm.com/projects/g/guybedford/es-module-shims"
  },
  "columns": [
    "type",
    "ap",
    "pkgName",
    "eventName",
    "cnt"
  ],
  "data": [
    [
      {
        "value": "emit"
      },
      {
        "value": "(return (member EventEmitter (member exports (module events))))"
      },
      {
        "value": "events"
      },
      {
        "value": "change"
      },
      {
        "value": "1"
      }
    ],
    [
      {
        "value": "emit"
      },
      {
        "value": "(return (member EventEmitter (member exports (module events))))"
      },
      {
        "value": "events"
      },
      {
        "value": "event"
      },
      {
        "value": "5"
      }
    ],
    [
      {
        "value": "emit"
      },
      {
        "value": "(return (member call (member EventEmitter (member exports (module events)))))"
      },
      {
        "value": "events"
      },
      {
        "value": "change"
      },
      {
        "value": "1"
      }
    ],
    [
      {
        "value": "emit"
      },
      {
        "value": "(return (member call (member EventEmitter (member exports (module events)))))"
      },
      {
        "value": "events"
      },
      {
        "value": "event"
      },
      {
        "value": "5"
      }
    ],
    [
      {
        "value": "listen"
      },
      {
        "value": "(return (member EventEmitter (member exports (module events))))"
      },
      {
        "value": "events"
      },
      {
        "value": "change"
      },
      {
        "value": "1"
      }
    ],
    [
      {
        "value": "listen"
      },
      {
        "value": "(return (member call (member EventEmitter (member exports (module events)))))"
      },
      {
        "value": "events"
      },
      {
        "value": "change"
      },
      {
        "value": "1"
      }
    ],
    [
      {
        "value": "listen"
      },
      {
        "value": "(return (member watch (return (member require (instance (member exports (module module)))))))"
      },
      {
        "value": "module"
      },
      {
        "value": "all"
      },
      {
        "value": "1"
      }
    ]
  ]
}