{
  "project": {
    "id": 11032091,
    "url-identifier": "g/HenrikJoreteg/wildemitter",
    "name": "HenrikJoreteg/wildemitter",
    "url": "https://lgtm.com/projects/g/HenrikJoreteg/wildemitter"
  },
  "columns": [
    "type",
    "ap",
    "pkgName",
    "eventName",
    "cnt"
  ],
  "data": [
    [
      {
        "value": "emit"
      },
      {
        "value": "(parameter -1 (member test (parameter -1 (member exports (module wildemitter)))))"
      },
      {
        "value": "wildemitter"
      },
      {
        "value": "test"
      },
      {
        "value": "1"
      }
    ]
  ]
}