{
  "project": {
    "id": 1513289590462,
    "url-identifier": "g/h4tt/H4TT-2.1",
    "name": "h4tt/H4TT-2.1",
    "url": "https://lgtm.com/projects/g/h4tt/H4TT-2.1"
  },
  "columns": [
    "type",
    "ap",
    "pkgName",
    "eventName",
    "cnt"
  ],
  "data": [
    [
      {
        "value": "listen"
      },
      {
        "value": "(return (member exports (module mail-notifier)))"
      },
      {
        "value": "mail-notifier"
      },
      {
        "value": "end"
      },
      {
        "value": "1"
      }
    ],
    [
      {
        "value": "listen"
      },
      {
        "value": "(return (member on (return (member exports (module mail-notifier)))))"
      },
      {
        "value": "mail-notifier"
      },
      {
        "value": "mail"
      },
      {
        "value": "1"
      }
    ],
    [
      {
        "value": "listen"
      },
      {
        "value": "(promised (return (member createPage (promised (return (member create (member exports (module phantom))))))))"
      },
      {
        "value": "phantom"
      },
      {
        "value": "onLoadFinished"
      },
      {
        "value": "1"
      }
    ]
  ]
}