{
  "project": {
    "id": 1511525019433,
    "url-identifier": "g/here-be/snapdragon-capture",
    "name": "here-be/snapdragon-capture",
    "url": "https://lgtm.com/projects/g/here-be/snapdragon-capture"
  },
  "columns": [
    "type",
    "ap",
    "pkgName",
    "eventName",
    "cnt"
  ],
  "data": [
    [
      {
        "value": "listen"
      },
      {
        "value": "(member parser (instance (member exports (module snapdragon))))"
      },
      {
        "value": "snapdragon"
      },
      {
        "value": "token"
      },
      {
        "value": "1"
      }
    ]
  ]
}