{
  "project": {
    "id": 1506718567339,
    "url-identifier": "g/hughsk/node-counter",
    "name": "hughsk/node-counter",
    "url": "https://lgtm.com/projects/g/hughsk/node-counter"
  },
  "columns": [
    "type",
    "ap",
    "pkgName",
    "eventName",
    "cnt"
  ],
  "data": [
    [
      {
        "value": "listen"
      },
      {
        "value": "(parameter -1 (member exports (module counter)))"
      },
      {
        "value": "counter"
      },
      {
        "value": "target"
      },
      {
        "value": "5"
      }
    ],
    [
      {
        "value": "listen"
      },
      {
        "value": "(parameter -1 (member exports (module counter)))"
      },
      {
        "value": "counter"
      },
      {
        "value": "changed"
      },
      {
        "value": "1"
      }
    ],
    [
      {
        "value": "listen"
      },
      {
        "value": "(instance (member exports (module counter)))"
      },
      {
        "value": "counter"
      },
      {
        "value": "target"
      },
      {
        "value": "5"
      }
    ],
    [
      {
        "value": "listen"
      },
      {
        "value": "(instance (member exports (module counter)))"
      },
      {
        "value": "counter"
      },
      {
        "value": "changed"
      },
      {
        "value": "1"
      }
    ],
    [
      {
        "value": "listen"
      },
      {
        "value": "(return (member on (instance (member exports (module counter)))))"
      },
      {
        "value": "counter"
      },
      {
        "value": "target"
      },
      {
        "value": "1"
      }
    ]
  ]
}