{
  "project": {
    "id": 1512566780577,
    "url-identifier": "g/hugo-lorenzo-mato/tfg",
    "name": "hugo-lorenzo-mato/tfg",
    "url": "https://lgtm.com/projects/g/hugo-lorenzo-mato/tfg"
  },
  "columns": [
    "type",
    "ap",
    "pkgName",
    "eventName",
    "cnt"
  ],
  "data": [
    [
      {
        "value": "emit"
      },
      {
        "value": "(parameter -1 (member errorHandler (parameter 0 (member exports (module gulp-plumber)))))"
      },
      {
        "value": "gulp-plumber"
      },
      {
        "value": "end"
      },
      {
        "value": "1"
      }
    ],
    [
      {
        "value": "listen"
      },
      {
        "value": "(return (member exports (module gulp-sass)))"
      },
      {
        "value": "gulp-sass"
      },
      {
        "value": "error"
      },
      {
        "value": "1"
      }
    ],
    [
      {
        "value": "listen"
      },
      {
        "value": "(return (member watch (member exports (module gulp))))"
      },
      {
        "value": "gulp"
      },
      {
        "value": "change"
      },
      {
        "value": "1"
      }
    ]
  ]
}