{
  "project": {
    "id": 1762920964,
    "url-identifier": "g/hbouvier/dns",
    "name": "hbouvier/dns",
    "url": "https://lgtm.com/projects/g/hbouvier/dns"
  },
  "columns": [
    "type",
    "ap",
    "pkgName",
    "eventName",
    "cnt"
  ],
  "data": [
    [
      {
        "value": "listen"
      },
      {
        "value": "(return (member Request (member exports (module native-dns))))"
      },
      {
        "value": "native-dns"
      },
      {
        "value": "message"
      },
      {
        "value": "1"
      }
    ],
    [
      {
        "value": "listen"
      },
      {
        "value": "(return (member Request (member exports (module native-dns))))"
      },
      {
        "value": "native-dns"
      },
      {
        "value": "timeout"
      },
      {
        "value": "1"
      }
    ],
    [
      {
        "value": "listen"
      },
      {
        "value": "(return (member Request (member exports (module native-dns))))"
      },
      {
        "value": "native-dns"
      },
      {
        "value": "end"
      },
      {
        "value": "1"
      }
    ],
    [
      {
        "value": "listen"
      },
      {
        "value": "(return (member createClient (member exports (module redis))))"
      },
      {
        "value": "redis"
      },
      {
        "value": "error"
      },
      {
        "value": "1"
      }
    ],
    [
      {
        "value": "listen"
      },
      {
        "value": "(return (member createClient (member exports (module redis))))"
      },
      {
        "value": "redis"
      },
      {
        "value": "end"
      },
      {
        "value": "1"
      }
    ],
    [
      {
        "value": "listen"
      },
      {
        "value": "(return (member createClient (member exports (module redis))))"
      },
      {
        "value": "redis"
      },
      {
        "value": "ready"
      },
      {
        "value": "1"
      }
    ],
    [
      {
        "value": "listen"
      },
      {
        "value": "(return (member createClient (member exports (module redis))))"
      },
      {
        "value": "redis"
      },
      {
        "value": "connect"
      },
      {
        "value": "1"
      }
    ],
    [
      {
        "value": "listen"
      },
      {
        "value": "(return (member createClient (member exports (module redis))))"
      },
      {
        "value": "redis"
      },
      {
        "value": "idle"
      },
      {
        "value": "1"
      }
    ],
    [
      {
        "value": "listen"
      },
      {
        "value": "(return (member createClient (member exports (module redis))))"
      },
      {
        "value": "redis"
      },
      {
        "value": "drain"
      },
      {
        "value": "1"
      }
    ]
  ]
}