{
  "project": {
    "id": 1511530244119,
    "url-identifier": "g/hapijs/bourne",
    "name": "hapijs/bourne",
    "url": "https://lgtm.com/projects/g/hapijs/bourne"
  },
  "columns": [
    "type",
    "ap",
    "pkgName",
    "eventName",
    "cnt"
  ],
  "data": [
    [
      {
        "value": "listen"
      },
      {
        "value": "(return (member add (return (member add (return (member add (instance (member Suite (member exports (module benchmark))))))))))"
      },
      {
        "value": "benchmark"
      },
      {
        "value": "cycle"
      },
      {
        "value": "1"
      }
    ],
    [
      {
        "value": "listen"
      },
      {
        "value": "(return (member on (return (member add (return (member add (return (member add (instance (member Suite (member exports (module benchmark))))))))))))"
      },
      {
        "value": "benchmark"
      },
      {
        "value": "complete"
      },
      {
        "value": "1"
      }
    ],
    [
      {
        "value": "listen"
      },
      {
        "value": "(return (member add (return (member add (return (member add (return (member add (instance (member Suite (member exports (module benchmark))))))))))))"
      },
      {
        "value": "benchmark"
      },
      {
        "value": "cycle"
      },
      {
        "value": "1"
      }
    ],
    [
      {
        "value": "listen"
      },
      {
        "value": "(return (member on (return (member add (return (member add (return (member add (return (member add (instance (member Suite (member exports (module benchmark))))))))))))))"
      },
      {
        "value": "benchmark"
      },
      {
        "value": "complete"
      },
      {
        "value": "1"
      }
    ]
  ]
}