{
  "project": {
    "id": 1513179247278,
    "url-identifier": "g/igorlimon/peak-it-dotnetcore",
    "name": "igorlimon/peak-it-dotnetcore",
    "url": "https://lgtm.com/projects/g/igorlimon/peak-it-dotnetcore"
  },
  "columns": [
    "type",
    "ap",
    "pkgName",
    "eventName",
    "cnt"
  ],
  "data": [
    [
      {
        "value": "listen"
      },
      {
        "value": "(return (member exports (module jquery)))"
      },
      {
        "value": "jquery"
      },
      {
        "value": "focusin.validate focusout.validate keyup.validate"
      },
      {
        "value": "1"
      }
    ],
    [
      {
        "value": "listen"
      },
      {
        "value": "(return (member exports (module jquery)))"
      },
      {
        "value": "jquery"
      },
      {
        "value": "invalid-form.validate"
      },
      {
        "value": "1"
      }
    ],
    [
      {
        "value": "listen"
      },
      {
        "value": "(return (member addClass (return (member exports (module jquery)))))"
      },
      {
        "value": "jquery"
      },
      {
        "value": "blur.validate-equalTo"
      },
      {
        "value": "1"
      }
    ],
    [
      {
        "value": "listen"
      },
      {
        "value": "(return (member closest (return (member exports (module jquery)))))"
      },
      {
        "value": "jquery"
      },
      {
        "value": "hide.bs.modal"
      },
      {
        "value": "1"
      }
    ],
    [
      {
        "value": "listen"
      },
      {
        "value": "(return (member on (return (member exports (module jquery)))))"
      },
      {
        "value": "jquery"
      },
      {
        "value": "click.validate"
      },
      {
        "value": "1"
      }
    ],
    [
      {
        "value": "listen"
      },
      {
        "value": "(return (member children (return (member exports (module jquery)))))"
      },
      {
        "value": "jquery"
      },
      {
        "value": "mouseover"
      },
      {
        "value": "1"
      }
    ],
    [
      {
        "value": "listen"
      },
      {
        "value": "(parameter -1 (member validate (parameter 1 (member extend (member exports (module jquery))))))"
      },
      {
        "value": "jquery"
      },
      {
        "value": "click.validate"
      },
      {
        "value": "1"
      }
    ],
    [
      {
        "value": "listen"
      },
      {
        "value": "(parameter -1 (member validate (parameter 1 (member extend (member exports (module jquery))))))"
      },
      {
        "value": "jquery"
      },
      {
        "value": "submit.validate"
      },
      {
        "value": "1"
      }
    ],
    [
      {
        "value": "listen"
      },
      {
        "value": "(parameter -1 (member valid (parameter 1 (member extend (member exports (module jquery))))))"
      },
      {
        "value": "jquery"
      },
      {
        "value": "click.validate"
      },
      {
        "value": "1"
      }
    ],
    [
      {
        "value": "listen"
      },
      {
        "value": "(parameter -1 (member valid (parameter 1 (member extend (member exports (module jquery))))))"
      },
      {
        "value": "jquery"
      },
      {
        "value": "submit.validate"
      },
      {
        "value": "1"
      }
    ]
  ]
}