{
  "project": {
    "id": 1506263696749,
    "url-identifier": "g/IBM/watson-discovery-food-reviews",
    "name": "IBM/watson-discovery-food-reviews",
    "url": "https://lgtm.com/projects/g/IBM/watson-discovery-food-reviews"
  },
  "columns": [
    "type",
    "ap",
    "pkgName",
    "eventName",
    "cnt"
  ],
  "data": [
    [
      {
        "value": "listen"
      },
      {
        "value": "(return (member preFileLine (return (member fromFile (return (member exports (module csvtojson)))))))"
      },
      {
        "value": "csvtojson"
      },
      {
        "value": "data"
      },
      {
        "value": "1"
      }
    ],
    [
      {
        "value": "listen"
      },
      {
        "value": "(return (member on (return (member preFileLine (return (member fromFile (return (member exports (module csvtojson)))))))))"
      },
      {
        "value": "csvtojson"
      },
      {
        "value": "done"
      },
      {
        "value": "1"
      }
    ]
  ]
}