{
  "project": {
    "id": 1794480292,
    "url-identifier": "g/Inist-CNRS/node-xml2json-command",
    "name": "Inist-CNRS/node-xml2json-command",
    "url": "https://lgtm.com/projects/g/Inist-CNRS/node-xml2json-command"
  },
  "columns": [
    "type",
    "ap",
    "pkgName",
    "eventName",
    "cnt"
  ],
  "data": [
    [
      {
        "value": "listen"
      },
      {
        "value": "(member stdin (member exports (module process)))"
      },
      {
        "value": "process"
      },
      {
        "value": "data"
      },
      {
        "value": "1"
      }
    ],
    [
      {
        "value": "listen"
      },
      {
        "value": "(member stdin (member exports (module process)))"
      },
      {
        "value": "process"
      },
      {
        "value": "end"
      },
      {
        "value": "1"
      }
    ]
  ]
}