{
  "project": {
    "id": 1512797360168,
    "url-identifier": "g/InjectiveLabs/old-injective-explorer",
    "name": "InjectiveLabs/old-injective-explorer",
    "url": "https://lgtm.com/projects/g/InjectiveLabs/old-injective-explorer"
  },
  "columns": [
    "type",
    "ap",
    "pkgName",
    "eventName",
    "cnt"
  ],
  "data": [
    [
      {
        "value": "listen"
      },
      {
        "value": "(instance (member exports (module clipboard)))"
      },
      {
        "value": "clipboard"
      },
      {
        "value": "success"
      },
      {
        "value": "1"
      }
    ]
  ]
}