{
  "project": {
    "id": 1511537488311,
    "url-identifier": "g/ilyakam/gulp-pug-linter",
    "name": "ilyakam/gulp-pug-linter",
    "url": "https://lgtm.com/projects/g/ilyakam/gulp-pug-linter"
  },
  "columns": [
    "type",
    "ap",
    "pkgName",
    "eventName",
    "cnt"
  ],
  "data": [
    [
      {
        "value": "emit"
      },
      {
        "value": "(parameter -1 (parameter 0 (member obj (member exports (module through2)))))"
      },
      {
        "value": "through2"
      },
      {
        "value": "error"
      },
      {
        "value": "1"
      }
    ],
    [
      {
        "value": "listen"
      },
      {
        "value": "(return (member obj (member exports (module through2))))"
      },
      {
        "value": "through2"
      },
      {
        "value": "data"
      },
      {
        "value": "9"
      }
    ],
    [
      {
        "value": "listen"
      },
      {
        "value": "(return (member obj (member exports (module through2))))"
      },
      {
        "value": "through2"
      },
      {
        "value": "error"
      },
      {
        "value": "1"
      }
    ],
    [
      {
        "value": "listen"
      },
      {
        "value": "(return (member obj (member exports (module through2))))"
      },
      {
        "value": "through2"
      },
      {
        "value": "finish"
      },
      {
        "value": "6"
      }
    ]
  ]
}