{
  "project": {
    "id": 1798410272,
    "url-identifier": "g/infinitered/ignite",
    "name": "infinitered/ignite",
    "url": "https://lgtm.com/projects/g/infinitered/ignite"
  },
  "columns": [
    "type",
    "ap",
    "pkgName",
    "eventName",
    "cnt"
  ],
  "data": [
    [
      {
        "value": "listen"
      },
      {
        "value": "(return (member exports (module cross-spawn)))"
      },
      {
        "value": "cross-spawn"
      },
      {
        "value": "error"
      },
      {
        "value": "1"
      }
    ],
    [
      {
        "value": "listen"
      },
      {
        "value": "(return (member exports (module cross-spawn)))"
      },
      {
        "value": "cross-spawn"
      },
      {
        "value": "close"
      },
      {
        "value": "1"
      }
    ],
    [
      {
        "value": "listen"
      },
      {
        "value": "(member stdout (return (member exports (module cross-spawn))))"
      },
      {
        "value": "cross-spawn"
      },
      {
        "value": "data"
      },
      {
        "value": "1"
      }
    ],
    [
      {
        "value": "listen"
      },
      {
        "value": "(member stderr (return (member exports (module cross-spawn))))"
      },
      {
        "value": "cross-spawn"
      },
      {
        "value": "data"
      },
      {
        "value": "1"
      }
    ]
  ]
}