{
  "project": {
    "id": 1511917901394,
    "url-identifier": "g/ioBroker/ioBroker.repositories",
    "name": "ioBroker/ioBroker.repositories",
    "url": "https://lgtm.com/projects/g/ioBroker/ioBroker.repositories"
  },
  "columns": [
    "type",
    "ap",
    "pkgName",
    "eventName",
    "cnt"
  ],
  "data": [
    [
      {
        "value": "listen"
      },
      {
        "value": "(return (member exports (module request)))"
      },
      {
        "value": "request"
      },
      {
        "value": "error"
      },
      {
        "value": "1"
      }
    ],
    [
      {
        "value": "listen"
      },
      {
        "value": "(return (member createCipher (member exports (module crypto))))"
      },
      {
        "value": "crypto"
      },
      {
        "value": "end"
      },
      {
        "value": "1"
      }
    ],
    [
      {
        "value": "listen"
      },
      {
        "value": "(return (member createCipher (member exports (module crypto))))"
      },
      {
        "value": "crypto"
      },
      {
        "value": "readable"
      },
      {
        "value": "1"
      }
    ],
    [
      {
        "value": "listen"
      },
      {
        "value": "(return (member createDecipher (member exports (module crypto))))"
      },
      {
        "value": "crypto"
      },
      {
        "value": "error"
      },
      {
        "value": "1"
      }
    ],
    [
      {
        "value": "listen"
      },
      {
        "value": "(return (member createDecipher (member exports (module crypto))))"
      },
      {
        "value": "crypto"
      },
      {
        "value": "end"
      },
      {
        "value": "1"
      }
    ],
    [
      {
        "value": "listen"
      },
      {
        "value": "(return (member createDecipher (member exports (module crypto))))"
      },
      {
        "value": "crypto"
      },
      {
        "value": "readable"
      },
      {
        "value": "1"
      }
    ],
    [
      {
        "value": "listen"
      },
      {
        "value": "(return (member post (member exports (module request))))"
      },
      {
        "value": "request"
      },
      {
        "value": "error"
      },
      {
        "value": "1"
      }
    ],
    [
      {
        "value": "listen"
      },
      {
        "value": "(return (member pipe (return (member on (return (member exports (module request)))))))"
      },
      {
        "value": "request"
      },
      {
        "value": "close"
      },
      {
        "value": "1"
      }
    ]
  ]
}