{
  "project": {
    "id": 1506720536088,
    "url-identifier": "g/IonicaBizau/streetpianos-scraper",
    "name": "IonicaBizau/streetpianos-scraper",
    "url": "https://lgtm.com/projects/g/IonicaBizau/streetpianos-scraper"
  },
  "columns": [
    "type",
    "ap",
    "pkgName",
    "eventName",
    "cnt"
  ],
  "data": [
    [
      {
        "value": "listen"
      },
      {
        "value": "(member exports (module process))"
      },
      {
        "value": "process"
      },
      {
        "value": "unhandledRejection"
      },
      {
        "value": "1"
      }
    ]
  ]
}