{
  "project": {
    "id": 1791950590,
    "url-identifier": "g/indutny/vock-server",
    "name": "indutny/vock-server",
    "url": "https://lgtm.com/projects/g/indutny/vock-server"
  },
  "columns": [
    "type",
    "ap",
    "pkgName",
    "eventName",
    "cnt"
  ],
  "data": [
    [
      {
        "value": "listen"
      },
      {
        "value": "(return (member fork (member exports (module cluster))))"
      },
      {
        "value": "cluster"
      },
      {
        "value": "exit"
      },
      {
        "value": "1"
      }
    ],
    [
      {
        "value": "listen"
      },
      {
        "value": "(return (member createSocket (member exports (module dgram))))"
      },
      {
        "value": "dgram"
      },
      {
        "value": "message"
      },
      {
        "value": "1"
      }
    ]
  ]
}