{
  "project": {
    "id": 103705936,
    "url-identifier": "g/itsthatguy/theme-itg-flat",
    "name": "itsthatguy/theme-itg-flat",
    "url": "https://lgtm.com/projects/g/itsthatguy/theme-itg-flat"
  },
  "columns": [
    "type",
    "ap",
    "pkgName",
    "eventName",
    "cnt"
  ],
  "data": [
    [
      {
        "value": "listen"
      },
      {
        "value": "(return (member createWriteStream (member exports (module fs))))"
      },
      {
        "value": "fs"
      },
      {
        "value": "close"
      },
      {
        "value": "1"
      }
    ],
    [
      {
        "value": "listen"
      },
      {
        "value": "(return (member createWriteStream (member exports (module fs))))"
      },
      {
        "value": "fs"
      },
      {
        "value": "open"
      },
      {
        "value": "1"
      }
    ]
  ]
}