{
  "project": {
    "id": 1506691166591,
    "url-identifier": "g/IonicaBizau/proc-output",
    "name": "IonicaBizau/proc-output",
    "url": "https://lgtm.com/projects/g/IonicaBizau/proc-output"
  },
  "columns": [
    "type",
    "ap",
    "pkgName",
    "eventName",
    "cnt"
  ],
  "data": [
    [
      {
        "value": "listen"
      },
      {
        "value": "(parameter 0 (member exports (module proc-output)))"
      },
      {
        "value": "proc-output"
      },
      {
        "value": "error"
      },
      {
        "value": "1"
      }
    ],
    [
      {
        "value": "listen"
      },
      {
        "value": "(parameter 0 (member exports (module proc-output)))"
      },
      {
        "value": "proc-output"
      },
      {
        "value": "close"
      },
      {
        "value": "1"
      }
    ],
    [
      {
        "value": "listen"
      },
      {
        "value": "(return (member spawn (member exports (module child_process))))"
      },
      {
        "value": "child_process"
      },
      {
        "value": "error"
      },
      {
        "value": "1"
      }
    ],
    [
      {
        "value": "listen"
      },
      {
        "value": "(return (member spawn (member exports (module child_process))))"
      },
      {
        "value": "child_process"
      },
      {
        "value": "close"
      },
      {
        "value": "1"
      }
    ],
    [
      {
        "value": "listen"
      },
      {
        "value": "(member stdout (parameter 0 (member exports (module proc-output))))"
      },
      {
        "value": "proc-output"
      },
      {
        "value": "data"
      },
      {
        "value": "1"
      }
    ],
    [
      {
        "value": "listen"
      },
      {
        "value": "(member stderr (parameter 0 (member exports (module proc-output))))"
      },
      {
        "value": "proc-output"
      },
      {
        "value": "data"
      },
      {
        "value": "1"
      }
    ]
  ]
}