{
  "project": {
    "id": 1512715219224,
    "url-identifier": "g/Jannchie/anichart.js",
    "name": "Jannchie/anichart.js",
    "url": "https://lgtm.com/projects/g/Jannchie/anichart.js"
  },
  "columns": [
    "type",
    "ap",
    "pkgName",
    "eventName",
    "cnt"
  ],
  "data": [
    [
      {
        "value": "listen"
      },
      {
        "value": "(return (member text (return (member style (return (member attr (return (member append (return (member style (return (member style (return (member attr (return (member style (return (member append (return (member select (member exports (module d3-selection))))))))))))))))))))))"
      },
      {
        "value": "d3-selection"
      },
      {
        "value": "click"
      },
      {
        "value": "1"
      }
    ],
    [
      {
        "value": "listen"
      },
      {
        "value": "(return (member attr (return (member style (return (member attr (return (member attr (return (member append (return (member style (return (member style (return (member attr (return (member style (return (member append (return (member select (member exports (module d3-selection))))))))))))))))))))))))"
      },
      {
        "value": "d3-selection"
      },
      {
        "value": "input"
      },
      {
        "value": "1"
      }
    ],
    [
      {
        "value": "listen"
      },
      {
        "value": "(return (member attr (return (member attr (return (member attr (return (member attr (return (member attr (return (member style (return (member append (return (member style (return (member style (return (member attr (return (member style (return (member append (return (member select (member exports (module d3-selection))))))))))))))))))))))))))))"
      },
      {
        "value": "d3-selection"
      },
      {
        "value": "input"
      },
      {
        "value": "1"
      }
    ]
  ]
}