{
  "project": {
    "id": 1789980491,
    "url-identifier": "g/jessevdk/webgl-play",
    "name": "jessevdk/webgl-play",
    "url": "https://lgtm.com/projects/g/jessevdk/webgl-play"
  },
  "columns": [
    "type",
    "ap",
    "pkgName",
    "eventName",
    "cnt"
  ],
  "data": [
    [
      {
        "value": "emit"
      },
      {
        "value": "(parameter -1 (parameter 1 (member exports (module through))))"
      },
      {
        "value": "through"
      },
      {
        "value": "error"
      },
      {
        "value": "1"
      }
    ],
    [
      {
        "value": "listen"
      },
      {
        "value": "(member stdin (member exports (module process)))"
      },
      {
        "value": "process"
      },
      {
        "value": "data"
      },
      {
        "value": "1"
      }
    ],
    [
      {
        "value": "listen"
      },
      {
        "value": "(member stdin (member exports (module process)))"
      },
      {
        "value": "process"
      },
      {
        "value": "end"
      },
      {
        "value": "1"
      }
    ],
    [
      {
        "value": "listen"
      },
      {
        "value": "(return (member exports (module jsdoc-parse)))"
      },
      {
        "value": "jsdoc-parse"
      },
      {
        "value": "end"
      },
      {
        "value": "1"
      }
    ]
  ]
}