{
  "project": {
    "id": 1506585427729,
    "url-identifier": "g/jeff-1amstudios/c64-slack-client",
    "name": "jeff-1amstudios/c64-slack-client",
    "url": "https://lgtm.com/projects/g/jeff-1amstudios/c64-slack-client"
  },
  "columns": [
    "type",
    "ap",
    "pkgName",
    "eventName",
    "cnt"
  ],
  "data": [
    [
      {
        "value": "listen"
      },
      {
        "value": "(member stdin (member exports (module process)))"
      },
      {
        "value": "process"
      },
      {
        "value": "data"
      },
      {
        "value": "1"
      }
    ],
    [
      {
        "value": "listen"
      },
      {
        "value": "(member stdin (member exports (module process)))"
      },
      {
        "value": "process"
      },
      {
        "value": "end"
      },
      {
        "value": "1"
      }
    ],
    [
      {
        "value": "listen"
      },
      {
        "value": "(member stdin (member exports (module process)))"
      },
      {
        "value": "process"
      },
      {
        "value": "close"
      },
      {
        "value": "1"
      }
    ],
    [
      {
        "value": "listen"
      },
      {
        "value": "(member stdout (member exports (module process)))"
      },
      {
        "value": "process"
      },
      {
        "value": "error"
      },
      {
        "value": "1"
      }
    ],
    [
      {
        "value": "listen"
      },
      {
        "value": "(instance (member exports (module serialport)))"
      },
      {
        "value": "serialport"
      },
      {
        "value": "data"
      },
      {
        "value": "1"
      }
    ],
    [
      {
        "value": "listen"
      },
      {
        "value": "(instance (member exports (module serialport)))"
      },
      {
        "value": "serialport"
      },
      {
        "value": "open"
      },
      {
        "value": "1"
      }
    ]
  ]
}