{
  "project": {
    "id": 1511246341718,
    "url-identifier": "g/Jahia/jahia",
    "name": "Jahia/jahia",
    "url": "https://lgtm.com/projects/g/Jahia/jahia"
  },
  "columns": [
    "type",
    "ap",
    "pkgName",
    "eventName",
    "cnt"
  ],
  "data": [
    [
      {
        "value": "listen"
      },
      {
        "value": "(return (member exports (module gulp-sass)))"
      },
      {
        "value": "gulp-sass"
      },
      {
        "value": "error"
      },
      {
        "value": "1"
      }
    ]
  ]
}