{
  "project": {
    "id": 1511507808484,
    "url-identifier": "g/JoshuaKGoldberg/TSLint.MSBuild",
    "name": "JoshuaKGoldberg/TSLint.MSBuild",
    "url": "https://lgtm.com/projects/g/JoshuaKGoldberg/TSLint.MSBuild"
  },
  "columns": [
    "type",
    "ap",
    "pkgName",
    "eventName",
    "cnt"
  ],
  "data": [
    [
      {
        "value": "listen"
      },
      {
        "value": "(return (member pipe (return (member get (member exports (module request))))))"
      },
      {
        "value": "request"
      },
      {
        "value": "close"
      },
      {
        "value": "1"
      }
    ]
  ]
}