{
  "project": {
    "id": 80127873,
    "url-identifier": "g/JedWatson/react-hammerjs",
    "name": "JedWatson/react-hammerjs",
    "url": "https://lgtm.com/projects/g/JedWatson/react-hammerjs"
  },
  "columns": [
    "type",
    "ap",
    "pkgName",
    "eventName",
    "cnt"
  ],
  "data": [
    [
      {
        "value": "listen"
      },
      {
        "value": "(return (member spawn (member exports (module child_process))))"
      },
      {
        "value": "child_process"
      },
      {
        "value": "close"
      },
      {
        "value": "1"
      }
    ],
    [
      {
        "value": "listen"
      },
      {
        "value": "(return (member bundle (return (member transform (return (member transform (return (member exports (module browserify)))))))))"
      },
      {
        "value": "browserify"
      },
      {
        "value": "error"
      },
      {
        "value": "1"
      }
    ]
  ]
}