{
  "project": {
    "id": 1505948806960,
    "url-identifier": "g/jitraphorn/restaurant",
    "name": "jitraphorn/restaurant",
    "url": "https://lgtm.com/projects/g/jitraphorn/restaurant"
  },
  "columns": [
    "type",
    "ap",
    "pkgName",
    "eventName",
    "cnt"
  ],
  "data": [
    [
      {
        "value": "listen"
      },
      {
        "value": "(member exports (module process))"
      },
      {
        "value": "process"
      },
      {
        "value": "uncaughtException"
      },
      {
        "value": "2"
      }
    ],
    [
      {
        "value": "listen"
      },
      {
        "value": "(instance (member IncomingForm (member exports (module formidable))))"
      },
      {
        "value": "formidable"
      },
      {
        "value": "fileBegin"
      },
      {
        "value": "1"
      }
    ],
    [
      {
        "value": "listen"
      },
      {
        "value": "(return (member on (instance (member IncomingForm (member exports (module formidable))))))"
      },
      {
        "value": "formidable"
      },
      {
        "value": "field"
      },
      {
        "value": "1"
      }
    ],
    [
      {
        "value": "listen"
      },
      {
        "value": "(return (member on (return (member on (instance (member IncomingForm (member exports (module formidable))))))))"
      },
      {
        "value": "formidable"
      },
      {
        "value": "file"
      },
      {
        "value": "1"
      }
    ],
    [
      {
        "value": "listen"
      },
      {
        "value": "(return (member on (return (member on (return (member on (instance (member IncomingForm (member exports (module formidable))))))))))"
      },
      {
        "value": "formidable"
      },
      {
        "value": "aborted"
      },
      {
        "value": "1"
      }
    ],
    [
      {
        "value": "listen"
      },
      {
        "value": "(return (member on (return (member on (return (member on (return (member on (instance (member IncomingForm (member exports (module formidable))))))))))))"
      },
      {
        "value": "formidable"
      },
      {
        "value": "error"
      },
      {
        "value": "1"
      }
    ],
    [
      {
        "value": "listen"
      },
      {
        "value": "(return (member on (return (member on (return (member on (return (member on (return (member on (instance (member IncomingForm (member exports (module formidable))))))))))))))"
      },
      {
        "value": "formidable"
      },
      {
        "value": "progress"
      },
      {
        "value": "1"
      }
    ],
    [
      {
        "value": "listen"
      },
      {
        "value": "(return (member on (return (member on (return (member on (return (member on (return (member on (return (member on (instance (member IncomingForm (member exports (module formidable))))))))))))))))"
      },
      {
        "value": "formidable"
      },
      {
        "value": "end"
      },
      {
        "value": "1"
      }
    ]
  ]
}