{
  "project": {
    "id": 1506704738886,
    "url-identifier": "g/joshbuddy/sherpa",
    "name": "joshbuddy/sherpa",
    "url": "https://lgtm.com/projects/g/joshbuddy/sherpa"
  },
  "columns": [
    "type",
    "ap",
    "pkgName",
    "eventName",
    "cnt"
  ],
  "data": [
    [
      {
        "value": "listen"
      },
      {
        "value": "(member exports (module process))"
      },
      {
        "value": "process"
      },
      {
        "value": "exit"
      },
      {
        "value": "1"
      }
    ],
    [
      {
        "value": "listen"
      },
      {
        "value": "(member exports (module process))"
      },
      {
        "value": "process"
      },
      {
        "value": "uncaughtException"
      },
      {
        "value": "1"
      }
    ]
  ]
}