{
  "project": {
    "id": 1511522966215,
    "url-identifier": "g/jsreport/jsreport-public-templates",
    "name": "jsreport/jsreport-public-templates",
    "url": "https://lgtm.com/projects/g/jsreport/jsreport-public-templates"
  },
  "columns": [
    "type",
    "ap",
    "pkgName",
    "eventName",
    "cnt"
  ],
  "data": [
    [
      {
        "value": "emit"
      },
      {
        "value": "(parameter 0 (member main (return (member exports (module jsreport-public-templates)))))"
      },
      {
        "value": "jsreport-public-templates"
      },
      {
        "value": "export-public-route"
      },
      {
        "value": "1"
      }
    ],
    [
      {
        "value": "listen"
      },
      {
        "value": "(parameter 0 (member main (return (member exports (module jsreport-public-templates)))))"
      },
      {
        "value": "jsreport-public-templates"
      },
      {
        "value": "express-configure"
      },
      {
        "value": "1"
      }
    ]
  ]
}