{
  "project": {
    "id": 1506688979151,
    "url-identifier": "g/jeremiak/airplane-mode",
    "name": "jeremiak/airplane-mode",
    "url": "https://lgtm.com/projects/g/jeremiak/airplane-mode"
  },
  "columns": [
    "type",
    "ap",
    "pkgName",
    "eventName",
    "cnt"
  ],
  "data": [
    [
      {
        "value": "listen"
      },
      {
        "value": "(return (member createReadStream (return (member exports (module levelup)))))"
      },
      {
        "value": "levelup"
      },
      {
        "value": "data"
      },
      {
        "value": "1"
      }
    ],
    [
      {
        "value": "listen"
      },
      {
        "value": "(return (member on (return (member createReadStream (return (member exports (module levelup)))))))"
      },
      {
        "value": "levelup"
      },
      {
        "value": "close"
      },
      {
        "value": "1"
      }
    ]
  ]
}