{
  "project": {
    "id": 1506679787425,
    "url-identifier": "g/jspm/npm",
    "name": "jspm/npm",
    "url": "https://lgtm.com/projects/g/jspm/npm"
  },
  "columns": [
    "type",
    "ap",
    "pkgName",
    "eventName",
    "cnt"
  ],
  "data": [
    [
      {
        "value": "emit"
      },
      {
        "value": "(instance (member EventEmitter (member exports (module events))))"
      },
      {
        "value": "events"
      },
      {
        "value": "customEvent"
      },
      {
        "value": "1"
      }
    ],
    [
      {
        "value": "listen"
      },
      {
        "value": "(return (member exports (module request)))"
      },
      {
        "value": "request"
      },
      {
        "value": "response"
      },
      {
        "value": "1"
      }
    ],
    [
      {
        "value": "listen"
      },
      {
        "value": "(instance (member EventEmitter (member exports (module events))))"
      },
      {
        "value": "events"
      },
      {
        "value": "customEvent"
      },
      {
        "value": "1"
      }
    ],
    [
      {
        "value": "listen"
      },
      {
        "value": "(return (member on (return (member exports (module request)))))"
      },
      {
        "value": "request"
      },
      {
        "value": "error"
      },
      {
        "value": "1"
      }
    ],
    [
      {
        "value": "listen"
      },
      {
        "value": "(return (member pipe (parameter 2 (parameter 2 (member exports (module buffer-peek-stream))))))"
      },
      {
        "value": "buffer-peek-stream"
      },
      {
        "value": "error"
      },
      {
        "value": "1"
      }
    ],
    [
      {
        "value": "listen"
      },
      {
        "value": "(return (member on (return (member pipe (parameter 2 (parameter 2 (member exports (module buffer-peek-stream))))))))"
      },
      {
        "value": "buffer-peek-stream"
      },
      {
        "value": "end"
      },
      {
        "value": "1"
      }
    ]
  ]
}