{
  "project": {
    "id": 1506690996362,
    "url-identifier": "g/JosipReh/react-graphql-exercise",
    "name": "JosipReh/react-graphql-exercise",
    "url": "https://lgtm.com/projects/g/JosipReh/react-graphql-exercise"
  },
  "columns": [
    "type",
    "ap",
    "pkgName",
    "eventName",
    "cnt"
  ],
  "data": [
    [
      {
        "value": "listen"
      },
      {
        "value": "(member connection (member exports (module mongoose)))"
      },
      {
        "value": "mongoose"
      },
      {
        "value": "open"
      },
      {
        "value": "1"
      }
    ],
    [
      {
        "value": "listen"
      },
      {
        "value": "(return (member once (member connection (member exports (module mongoose)))))"
      },
      {
        "value": "mongoose"
      },
      {
        "value": "error"
      },
      {
        "value": "1"
      }
    ]
  ]
}