{
  "project": {
    "id": 121902458,
    "url-identifier": "g/jed/hyperspider",
    "name": "jed/hyperspider",
    "url": "https://lgtm.com/projects/g/jed/hyperspider"
  },
  "columns": [
    "type",
    "ap",
    "pkgName",
    "eventName",
    "cnt"
  ],
  "data": [
    [
      {
        "value": "emit"
      },
      {
        "value": "(parameter -1 (member crawl (instance (member EventEmitter (member exports (module events))))))"
      },
      {
        "value": "events"
      },
      {
        "value": "data"
      },
      {
        "value": "1"
      }
    ],
    [
      {
        "value": "emit"
      },
      {
        "value": "(parameter -1 (member crawl (instance (member EventEmitter (member exports (module events))))))"
      },
      {
        "value": "events"
      },
      {
        "value": "error"
      },
      {
        "value": "2"
      }
    ],
    [
      {
        "value": "emit"
      },
      {
        "value": "(parameter -1 (member crawl (instance (member EventEmitter (member exports (module events))))))"
      },
      {
        "value": "events"
      },
      {
        "value": "end"
      },
      {
        "value": "1"
      }
    ],
    [
      {
        "value": "listen"
      },
      {
        "value": "(return (member createServer (member exports (module http))))"
      },
      {
        "value": "http"
      },
      {
        "value": "request"
      },
      {
        "value": "1"
      }
    ],
    [
      {
        "value": "listen"
      },
      {
        "value": "(parameter 0 (parameter 1 (member get (member exports (module http)))))"
      },
      {
        "value": "http"
      },
      {
        "value": "data"
      },
      {
        "value": "1"
      }
    ],
    [
      {
        "value": "listen"
      },
      {
        "value": "(parameter 0 (parameter 1 (member get (member exports (module http)))))"
      },
      {
        "value": "http"
      },
      {
        "value": "end"
      },
      {
        "value": "1"
      }
    ],
    [
      {
        "value": "listen"
      },
      {
        "value": "(parameter -1 (member run (instance (member EventEmitter (member exports (module events))))))"
      },
      {
        "value": "events"
      },
      {
        "value": "data"
      },
      {
        "value": "1"
      }
    ],
    [
      {
        "value": "listen"
      },
      {
        "value": "(return (member on (parameter -1 (member run (instance (member EventEmitter (member exports (module events))))))))"
      },
      {
        "value": "events"
      },
      {
        "value": "error"
      },
      {
        "value": "1"
      }
    ],
    [
      {
        "value": "listen"
      },
      {
        "value": "(return (member on (return (member on (parameter -1 (member run (instance (member EventEmitter (member exports (module events))))))))))"
      },
      {
        "value": "events"
      },
      {
        "value": "end"
      },
      {
        "value": "1"
      }
    ]
  ]
}