{
  "project": {
    "id": 103750532,
    "url-identifier": "g/juliangruber/browser-run",
    "name": "juliangruber/browser-run",
    "url": "https://lgtm.com/projects/g/juliangruber/browser-run"
  },
  "columns": [
    "type",
    "ap",
    "pkgName",
    "eventName",
    "cnt"
  ],
  "data": [
    [
      {
        "value": "emit"
      },
      {
        "value": "(return (member exports (module duplexer)))"
      },
      {
        "value": "duplexer"
      },
      {
        "value": "error"
      },
      {
        "value": "2"
      }
    ],
    [
      {
        "value": "emit"
      },
      {
        "value": "(return (member exports (module duplexer)))"
      },
      {
        "value": "duplexer"
      },
      {
        "value": "exit"
      },
      {
        "value": "1"
      }
    ],
    [
      {
        "value": "listen"
      },
      {
        "value": "(return (member exports (module duplexer)))"
      },
      {
        "value": "duplexer"
      },
      {
        "value": "data"
      },
      {
        "value": "4"
      }
    ],
    [
      {
        "value": "listen"
      },
      {
        "value": "(return (member exports (module duplexer)))"
      },
      {
        "value": "duplexer"
      },
      {
        "value": "error"
      },
      {
        "value": "2"
      }
    ],
    [
      {
        "value": "listen"
      },
      {
        "value": "(return (member exports (module duplexer)))"
      },
      {
        "value": "duplexer"
      },
      {
        "value": "exit"
      },
      {
        "value": "7"
      }
    ],
    [
      {
        "value": "listen"
      },
      {
        "value": "(member stdout (return (member spawn (member exports (module child_process)))))"
      },
      {
        "value": "child_process"
      },
      {
        "value": "data"
      },
      {
        "value": "1"
      }
    ],
    [
      {
        "value": "listen"
      },
      {
        "value": "(member stderr (return (member spawn (member exports (module child_process)))))"
      },
      {
        "value": "child_process"
      },
      {
        "value": "data"
      },
      {
        "value": "1"
      }
    ],
    [
      {
        "value": "listen"
      },
      {
        "value": "(parameter 0 (parameter 0 (member createServer (member exports (module http)))))"
      },
      {
        "value": "http"
      },
      {
        "value": "end"
      },
      {
        "value": "1"
      }
    ],
    [
      {
        "value": "listen"
      },
      {
        "value": "(parameter 1 (parameter 2 (parameter 1 (parameter 0 (member exports (module browser-launcher))))))"
      },
      {
        "value": "browser-launcher"
      },
      {
        "value": "exit"
      },
      {
        "value": "1"
      }
    ]
  ]
}