{
  "project": {
    "id": 1506768707109,
    "url-identifier": "g/j2kun/svm-sequential-minimal-optimization",
    "name": "j2kun/svm-sequential-minimal-optimization",
    "url": "https://lgtm.com/projects/g/j2kun/svm-sequential-minimal-optimization"
  },
  "columns": [
    "type",
    "ap",
    "pkgName",
    "eventName",
    "cnt"
  ],
  "data": [
    [
      {
        "value": "listen"
      },
      {
        "value": "(return (member drag (member exports (module d3))))"
      },
      {
        "value": "d3"
      },
      {
        "value": "drag"
      },
      {
        "value": "1"
      }
    ],
    [
      {
        "value": "listen"
      },
      {
        "value": "(return (member pipe (return (member bundle (return (member transform (return (member exports (module browserify)))))))))"
      },
      {
        "value": "browserify"
      },
      {
        "value": "error"
      },
      {
        "value": "1"
      }
    ],
    [
      {
        "value": "listen"
      },
      {
        "value": "(return (member pipe (return (member on (return (member pipe (return (member bundle (return (member transform (return (member exports (module browserify)))))))))))))"
      },
      {
        "value": "browserify"
      },
      {
        "value": "error"
      },
      {
        "value": "1"
      }
    ],
    [
      {
        "value": "listen"
      },
      {
        "value": "(return (member pipe (return (member on (return (member pipe (return (member on (return (member pipe (return (member bundle (return (member transform (return (member exports (module browserify)))))))))))))))))"
      },
      {
        "value": "browserify"
      },
      {
        "value": "error"
      },
      {
        "value": "1"
      }
    ],
    [
      {
        "value": "listen"
      },
      {
        "value": "(return (member pipe (return (member on (return (member pipe (return (member on (return (member pipe (return (member on (return (member pipe (return (member bundle (return (member transform (return (member exports (module browserify)))))))))))))))))))))"
      },
      {
        "value": "browserify"
      },
      {
        "value": "error"
      },
      {
        "value": "1"
      }
    ]
  ]
}