{
  "project": {
    "id": 1512041637344,
    "url-identifier": "g/jhuckaby/class-plus",
    "name": "jhuckaby/class-plus",
    "url": "https://lgtm.com/projects/g/jhuckaby/class-plus"
  },
  "columns": [
    "type",
    "ap",
    "pkgName",
    "eventName",
    "cnt"
  ],
  "data": [
    [
      {
        "value": "emit"
      },
      {
        "value": "(instance (return (member exports (module class-plus))))"
      },
      {
        "value": "class-plus"
      },
      {
        "value": "party"
      },
      {
        "value": "1"
      }
    ],
    [
      {
        "value": "emit"
      },
      {
        "value": "(instance (parameter 1 (member exports (module class-plus))))"
      },
      {
        "value": "class-plus"
      },
      {
        "value": "party"
      },
      {
        "value": "1"
      }
    ],
    [
      {
        "value": "listen"
      },
      {
        "value": "(instance (return (member exports (module class-plus))))"
      },
      {
        "value": "class-plus"
      },
      {
        "value": "party"
      },
      {
        "value": "1"
      }
    ],
    [
      {
        "value": "listen"
      },
      {
        "value": "(instance (parameter 1 (member exports (module class-plus))))"
      },
      {
        "value": "class-plus"
      },
      {
        "value": "party"
      },
      {
        "value": "1"
      }
    ]
  ]
}