{
  "project": {
    "id": 1507303816216,
    "url-identifier": "g/Kwan-young-hoo/ToPC",
    "name": "Kwan-young-hoo/ToPC",
    "url": "https://lgtm.com/projects/g/Kwan-young-hoo/ToPC"
  },
  "columns": [
    "type",
    "ap",
    "pkgName",
    "eventName",
    "cnt"
  ],
  "data": [
    [
      {
        "value": "listen"
      },
      {
        "value": "(instance (member SerialPort (member exports (module serialport))))"
      },
      {
        "value": "serialport"
      },
      {
        "value": "data"
      },
      {
        "value": "1"
      }
    ],
    [
      {
        "value": "listen"
      },
      {
        "value": "(instance (member SerialPort (member exports (module serialport))))"
      },
      {
        "value": "serialport"
      },
      {
        "value": "open"
      },
      {
        "value": "1"
      }
    ]
  ]
}