{
  "project": {
    "id": 1510527477548,
    "url-identifier": "g/KHC-ZhiHao/Nucleoid",
    "name": "KHC-ZhiHao/Nucleoid",
    "url": "https://lgtm.com/projects/g/KHC-ZhiHao/Nucleoid"
  },
  "columns": [
    "type",
    "ap",
    "pkgName",
    "eventName",
    "cnt"
  ],
  "data": [
    [
      {
        "value": "listen"
      },
      {
        "value": "(return (member create (member exports (module domain))))"
      },
      {
        "value": "domain"
      },
      {
        "value": "error"
      },
      {
        "value": "1"
      }
    ]
  ]
}