{
  "project": {
    "id": 1511521928361,
    "url-identifier": "g/kobezzza/Escaper",
    "name": "kobezzza/Escaper",
    "url": "https://lgtm.com/projects/g/kobezzza/Escaper"
  },
  "columns": [
    "type",
    "ap",
    "pkgName",
    "eventName",
    "cnt"
  ],
  "data": [
    [
      {
        "value": "listen"
      },
      {
        "value": "(return (member exec (return (member run (return (member exports (module gulp-load-plugins)))))))"
      },
      {
        "value": "gulp-load-plugins"
      },
      {
        "value": "error"
      },
      {
        "value": "1"
      }
    ],
    [
      {
        "value": "listen"
      },
      {
        "value": "(return (member pipe (return (member pipe (return (member src (member exports (module gulp))))))))"
      },
      {
        "value": "gulp"
      },
      {
        "value": "error"
      },
      {
        "value": "1"
      }
    ],
    [
      {
        "value": "listen"
      },
      {
        "value": "(return (member pipe (return (member pipe (return (member pipe (return (member src (member exports (module gulp))))))))))"
      },
      {
        "value": "gulp"
      },
      {
        "value": "finish"
      },
      {
        "value": "1"
      }
    ],
    [
      {
        "value": "listen"
      },
      {
        "value": "(return (member pipe (return (member on (return (member pipe (return (member pipe (return (member src (member exports (module gulp))))))))))))"
      },
      {
        "value": "gulp"
      },
      {
        "value": "finish"
      },
      {
        "value": "1"
      }
    ]
  ]
}