{
  "project": {
    "id": 1510846857200,
    "url-identifier": "g/kaushiknishchay/MovieShowcaseSite-NodeJs-ReactJs",
    "name": "kaushiknishchay/MovieShowcaseSite-NodeJs-ReactJs",
    "url": "https://lgtm.com/projects/g/kaushiknishchay/MovieShowcaseSite-NodeJs-ReactJs"
  },
  "columns": [
    "type",
    "ap",
    "pkgName",
    "eventName",
    "cnt"
  ],
  "data": [
    [
      {
        "value": "listen"
      },
      {
        "value": "(member connection (member exports (module mongoose)))"
      },
      {
        "value": "mongoose"
      },
      {
        "value": "error"
      },
      {
        "value": "1"
      }
    ],
    [
      {
        "value": "listen"
      },
      {
        "value": "(return (member on (member connection (member exports (module mongoose)))))"
      },
      {
        "value": "mongoose"
      },
      {
        "value": "open"
      },
      {
        "value": "1"
      }
    ]
  ]
}