{
  "project": {
    "id": 1506716117130,
    "url-identifier": "g/Konecty/Konecty",
    "name": "Konecty/Konecty",
    "url": "https://lgtm.com/projects/g/Konecty/Konecty"
  },
  "columns": [
    "type",
    "ap",
    "pkgName",
    "eventName",
    "cnt"
  ],
  "data": [
    [
      {
        "value": "listen"
      },
      {
        "value": "(return (member createInterface (member exports (module readline))))"
      },
      {
        "value": "readline"
      },
      {
        "value": "line"
      },
      {
        "value": "1"
      }
    ],
    [
      {
        "value": "listen"
      },
      {
        "value": "(promised (return (member connect (member MongoClient (member exports (module mongodb))))))"
      },
      {
        "value": "mongodb"
      },
      {
        "value": "close"
      },
      {
        "value": "1"
      }
    ]
  ]
}