{
  "project": {
    "id": 1510843507514,
    "url-identifier": "g/krguptaa/simple_ecommerce_prestashop",
    "name": "krguptaa/simple_ecommerce_prestashop",
    "url": "https://lgtm.com/projects/g/krguptaa/simple_ecommerce_prestashop"
  },
  "columns": [
    "type",
    "ap",
    "pkgName",
    "eventName",
    "cnt"
  ],
  "data": [
    [
      {
        "value": "listen"
      },
      {
        "value": "(return (member exports (module jquery)))"
      },
      {
        "value": "jquery"
      },
      {
        "value": "mouseenter"
      },
      {
        "value": "1"
      }
    ],
    [
      {
        "value": "listen"
      },
      {
        "value": "(return (member exports (module jquery)))"
      },
      {
        "value": "jquery"
      },
      {
        "value": "mouseover"
      },
      {
        "value": "1"
      }
    ],
    [
      {
        "value": "listen"
      },
      {
        "value": "(return (member exports (module jquery)))"
      },
      {
        "value": "jquery"
      },
      {
        "value": "mouseup"
      },
      {
        "value": "1"
      }
    ],
    [
      {
        "value": "listen"
      },
      {
        "value": "(return (member on (return (member exports (module jquery)))))"
      },
      {
        "value": "jquery"
      },
      {
        "value": "mouseleave"
      },
      {
        "value": "1"
      }
    ],
    [
      {
        "value": "listen"
      },
      {
        "value": "(return (member add (return (member exports (module jquery)))))"
      },
      {
        "value": "jquery"
      },
      {
        "value": "mouseover"
      },
      {
        "value": "1"
      }
    ],
    [
      {
        "value": "listen"
      },
      {
        "value": "(member _handles (parameter -1 (member _create (parameter 0 (member each (member exports (module jquery)))))))"
      },
      {
        "value": "jquery"
      },
      {
        "value": "mouseover"
      },
      {
        "value": "1"
      }
    ],
    [
      {
        "value": "listen"
      },
      {
        "value": "(return (member parentsUntil (member element (parameter -1 (member _mouseStart (parameter 0 (member each (member exports (module jquery)))))))))"
      },
      {
        "value": "jquery"
      },
      {
        "value": "scroll.droppable"
      },
      {
        "value": "1"
      }
    ]
  ]
}