{
  "project": {
    "id": 1511528054937,
    "url-identifier": "g/koopjs/koop-core",
    "name": "koopjs/koop-core",
    "url": "https://lgtm.com/projects/g/koopjs/koop-core"
  },
  "columns": [
    "type",
    "ap",
    "pkgName",
    "eventName",
    "cnt"
  ],
  "data": [
    [
      {
        "value": "listen"
      },
      {
        "value": "(member server (instance (member exports (module koop))))"
      },
      {
        "value": "koop"
      },
      {
        "value": "mount"
      },
      {
        "value": "1"
      }
    ],
    [
      {
        "value": "listen"
      },
      {
        "value": "(return (member use (return (member use (return (member set (return (member use (return (member use (return (member use (return (member use (return (member disable (return (member use (return (member use (return (member exports (module express)))))))))))))))))))))))"
      },
      {
        "value": "express"
      },
      {
        "value": "mount"
      },
      {
        "value": "1"
      }
    ]
  ]
}