{
  "project": {
    "id": 1508573336051,
    "url-identifier": "g/Lulzx/fluffy-memory",
    "name": "Lulzx/fluffy-memory",
    "url": "https://lgtm.com/projects/g/Lulzx/fluffy-memory"
  },
  "columns": [
    "type",
    "ap",
    "pkgName",
    "eventName",
    "cnt"
  ],
  "data": [
    [
      {
        "value": "listen"
      },
      {
        "value": "(instance (member exports (module node-telegram-bot-api)))"
      },
      {
        "value": "node-telegram-bot-api"
      },
      {
        "value": "message"
      },
      {
        "value": "1"
      }
    ],
    [
      {
        "value": "listen"
      },
      {
        "value": "(instance (member exports (module node-telegram-bot-api)))"
      },
      {
        "value": "node-telegram-bot-api"
      },
      {
        "value": "inline_query"
      },
      {
        "value": "1"
      }
    ],
    [
      {
        "value": "listen"
      },
      {
        "value": "(instance (member default (member exports (module node-telegram-bot-api))))"
      },
      {
        "value": "node-telegram-bot-api"
      },
      {
        "value": "message"
      },
      {
        "value": "1"
      }
    ],
    [
      {
        "value": "listen"
      },
      {
        "value": "(instance (member default (member exports (module node-telegram-bot-api))))"
      },
      {
        "value": "node-telegram-bot-api"
      },
      {
        "value": "inline_query"
      },
      {
        "value": "1"
      }
    ]
  ]
}