{
  "project": {
    "id": 1510156086107,
    "url-identifier": "g/lucasgmagalhaes/RoleOne-WebApp",
    "name": "lucasgmagalhaes/RoleOne-WebApp",
    "url": "https://lgtm.com/projects/g/lucasgmagalhaes/RoleOne-WebApp"
  },
  "columns": [
    "type",
    "ap",
    "pkgName",
    "eventName",
    "cnt"
  ],
  "data": [
    [
      {
        "value": "listen"
      },
      {
        "value": "(return (member exports (module jquery)))"
      },
      {
        "value": "jquery"
      },
      {
        "value": "click"
      },
      {
        "value": "1"
      }
    ],
    [
      {
        "value": "listen"
      },
      {
        "value": "(instance (member exports (module clipboard)))"
      },
      {
        "value": "clipboard"
      },
      {
        "value": "error"
      },
      {
        "value": "1"
      }
    ],
    [
      {
        "value": "listen"
      },
      {
        "value": "(instance (member exports (module clipboard)))"
      },
      {
        "value": "clipboard"
      },
      {
        "value": "success"
      },
      {
        "value": "1"
      }
    ]
  ]
}