{
  "project": {
    "id": 1507325596219,
    "url-identifier": "g/lakshmi2005/buck",
    "name": "lakshmi2005/buck",
    "url": "https://lgtm.com/projects/g/lakshmi2005/buck"
  },
  "columns": [
    "type",
    "ap",
    "pkgName",
    "eventName",
    "cnt"
  ],
  "data": [
    [
      {
        "value": "listen"
      },
      {
        "value": "(return (member pipe (member stdin (member exports (module process)))))"
      },
      {
        "value": "process"
      },
      {
        "value": "finish"
      },
      {
        "value": "1"
      }
    ],
    [
      {
        "value": "listen"
      },
      {
        "value": "(return (member on (return (member pipe (member stdin (member exports (module process)))))))"
      },
      {
        "value": "process"
      },
      {
        "value": "error"
      },
      {
        "value": "1"
      }
    ]
  ]
}