{
  "project": {
    "id": 41170035,
    "url-identifier": "g/linkedin/datahub",
    "name": "linkedin/datahub",
    "url": "https://lgtm.com/projects/g/linkedin/datahub"
  },
  "columns": [
    "type",
    "ap",
    "pkgName",
    "eventName",
    "cnt"
  ],
  "data": [
    [
      {
        "value": "listen"
      },
      {
        "value": "(return (member get (member exports (module http))))"
      },
      {
        "value": "http"
      },
      {
        "value": "error"
      },
      {
        "value": "1"
      }
    ],
    [
      {
        "value": "listen"
      },
      {
        "value": "(return (member createWriteStream (member exports (module fs))))"
      },
      {
        "value": "fs"
      },
      {
        "value": "error"
      },
      {
        "value": "1"
      }
    ],
    [
      {
        "value": "listen"
      },
      {
        "value": "(return (member createWriteStream (member exports (module fs))))"
      },
      {
        "value": "fs"
      },
      {
        "value": "finish"
      },
      {
        "value": "1"
      }
    ],
    [
      {
        "value": "listen"
      },
      {
        "value": "(instance (member Network (member exports (module vis))))"
      },
      {
        "value": "vis"
      },
      {
        "value": "selectNode"
      },
      {
        "value": "1"
      }
    ],
    [
      {
        "value": "listen"
      },
      {
        "value": "(instance (member Network (member exports (module vis))))"
      },
      {
        "value": "vis"
      },
      {
        "value": "hoverNode"
      },
      {
        "value": "1"
      }
    ],
    [
      {
        "value": "listen"
      },
      {
        "value": "(instance (member Network (member exports (module vis))))"
      },
      {
        "value": "vis"
      },
      {
        "value": "blurNode"
      },
      {
        "value": "1"
      }
    ],
    [
      {
        "value": "listen"
      },
      {
        "value": "(parameter 0 (parameter 1 (member get (member exports (module http)))))"
      },
      {
        "value": "http"
      },
      {
        "value": "data"
      },
      {
        "value": "1"
      }
    ],
    [
      {
        "value": "listen"
      },
      {
        "value": "(parameter 0 (parameter 1 (member get (member exports (module http)))))"
      },
      {
        "value": "http"
      },
      {
        "value": "end"
      },
      {
        "value": "1"
      }
    ],
    [
      {
        "value": "listen"
      },
      {
        "value": "(return (member lookup (member owner (parameter -1 (parameter 1 (member test (member exports (module qunit))))))))"
      },
      {
        "value": "qunit"
      },
      {
        "value": "routeDidChange"
      },
      {
        "value": "1"
      }
    ]
  ]
}