{
  "project": {
    "id": 1511543037676,
    "url-identifier": "g/luk-/node-historian",
    "name": "luk-/node-historian",
    "url": "https://lgtm.com/projects/g/luk-/node-historian"
  },
  "columns": [
    "type",
    "ap",
    "pkgName",
    "eventName",
    "cnt"
  ],
  "data": [
    [
      {
        "value": "listen"
      },
      {
        "value": "(member stdin (member exports (module process)))"
      },
      {
        "value": "process"
      },
      {
        "value": "data"
      },
      {
        "value": "1"
      }
    ],
    [
      {
        "value": "listen"
      },
      {
        "value": "(return (member createReadStream (member exports (module fs))))"
      },
      {
        "value": "fs"
      },
      {
        "value": "data"
      },
      {
        "value": "1"
      }
    ],
    [
      {
        "value": "listen"
      },
      {
        "value": "(return (member createReadStream (member exports (module fs))))"
      },
      {
        "value": "fs"
      },
      {
        "value": "error"
      },
      {
        "value": "1"
      }
    ],
    [
      {
        "value": "listen"
      },
      {
        "value": "(return (member createReadStream (member exports (module fs))))"
      },
      {
        "value": "fs"
      },
      {
        "value": "end"
      },
      {
        "value": "1"
      }
    ]
  ]
}