{
  "project": {
    "id": 1506687638113,
    "url-identifier": "g/laurenancona/laurenancona.github.io",
    "name": "laurenancona/laurenancona.github.io",
    "url": "https://lgtm.com/projects/g/laurenancona/laurenancona.github.io"
  },
  "columns": [
    "type",
    "ap",
    "pkgName",
    "eventName",
    "cnt"
  ],
  "data": [
    [
      {
        "value": "listen"
      },
      {
        "value": "(parameter 0 (member onAdd (parameter 0 (member extend (member Control (member exports (module leaflet)))))))"
      },
      {
        "value": "leaflet"
      },
      {
        "value": "movestart"
      },
      {
        "value": "1"
      }
    ],
    [
      {
        "value": "listen"
      },
      {
        "value": "(member _map (parameter -1 (member onAdd (parameter 0 (member extend (member Control (member exports (module leaflet))))))))"
      },
      {
        "value": "leaflet"
      },
      {
        "value": "movestart"
      },
      {
        "value": "1"
      }
    ]
  ]
}