{
  "project": {
    "id": 1511526690747,
    "url-identifier": "g/libp2p/js-libp2p-ping",
    "name": "libp2p/js-libp2p-ping",
    "url": "https://lgtm.com/projects/g/libp2p/js-libp2p-ping"
  },
  "columns": [
    "type",
    "ap",
    "pkgName",
    "eventName",
    "cnt"
  ],
  "data": [
    [
      {
        "value": "emit"
      },
      {
        "value": "(instance (member exports (module libp2p-ping)))"
      },
      {
        "value": "libp2p-ping"
      },
      {
        "value": "error"
      },
      {
        "value": "2"
      }
    ],
    [
      {
        "value": "emit"
      },
      {
        "value": "(instance (member exports (module libp2p-ping)))"
      },
      {
        "value": "libp2p-ping"
      },
      {
        "value": "ping"
      },
      {
        "value": "1"
      }
    ],
    [
      {
        "value": "emit"
      },
      {
        "value": "(parameter -1 (member start (instance (member exports (module libp2p-ping)))))"
      },
      {
        "value": "libp2p-ping"
      },
      {
        "value": "error"
      },
      {
        "value": "2"
      }
    ],
    [
      {
        "value": "emit"
      },
      {
        "value": "(parameter -1 (member start (instance (member exports (module libp2p-ping)))))"
      },
      {
        "value": "libp2p-ping"
      },
      {
        "value": "ping"
      },
      {
        "value": "1"
      }
    ],
    [
      {
        "value": "listen"
      },
      {
        "value": "(instance (member exports (module libp2p-ping)))"
      },
      {
        "value": "libp2p-ping"
      },
      {
        "value": "error"
      },
      {
        "value": "3"
      }
    ],
    [
      {
        "value": "listen"
      },
      {
        "value": "(instance (member exports (module libp2p-ping)))"
      },
      {
        "value": "libp2p-ping"
      },
      {
        "value": "ping"
      },
      {
        "value": "3"
      }
    ]
  ]
}