{
  "project": {
    "id": 108011453,
    "url-identifier": "g/moment/moment",
    "name": "moment/moment",
    "url": "https://lgtm.com/projects/g/moment/moment"
  },
  "columns": [
    "type",
    "ap",
    "pkgName",
    "eventName",
    "cnt"
  ],
  "data": [
    [
      {
        "value": "listen"
      },
      {
        "value": "(parameter 0 (parameter 1 (member get (member exports (module https)))))"
      },
      {
        "value": "https"
      },
      {
        "value": "data"
      },
      {
        "value": "1"
      }
    ],
    [
      {
        "value": "listen"
      },
      {
        "value": "(parameter 0 (parameter 1 (member get (member exports (module https)))))"
      },
      {
        "value": "https"
      },
      {
        "value": "end"
      },
      {
        "value": "1"
      }
    ]
  ]
}