{
  "project": {
    "id": 113382653,
    "url-identifier": "g/Medium/matador",
    "name": "Medium/matador",
    "url": "https://lgtm.com/projects/g/Medium/matador"
  },
  "columns": [
    "type",
    "ap",
    "pkgName",
    "eventName",
    "cnt"
  ],
  "data": [
    [
      {
        "value": "emit"
      },
      {
        "value": "(return (member exports (module connect)))"
      },
      {
        "value": "connect"
      },
      {
        "value": "afterBoot"
      },
      {
        "value": "1"
      }
    ],
    [
      {
        "value": "emit"
      },
      {
        "value": "(return (member exports (module connect)))"
      },
      {
        "value": "connect"
      },
      {
        "value": "createRoute"
      },
      {
        "value": "1"
      }
    ],
    [
      {
        "value": "listen"
      },
      {
        "value": "(return (member exports (module connect)))"
      },
      {
        "value": "connect"
      },
      {
        "value": "createHelper"
      },
      {
        "value": "1"
      }
    ],
    [
      {
        "value": "listen"
      },
      {
        "value": "(return (member exports (module connect)))"
      },
      {
        "value": "connect"
      },
      {
        "value": "afterBoot"
      },
      {
        "value": "1"
      }
    ],
    [
      {
        "value": "listen"
      },
      {
        "value": "(return (member Server (member exports (module http))))"
      },
      {
        "value": "http"
      },
      {
        "value": "listening"
      },
      {
        "value": "1"
      }
    ],
    [
      {
        "value": "listen"
      },
      {
        "value": "(return (member request (member exports (module http))))"
      },
      {
        "value": "http"
      },
      {
        "value": "response"
      },
      {
        "value": "1"
      }
    ],
    [
      {
        "value": "listen"
      },
      {
        "value": "(parameter 0 (parameter 1 (member on (return (member request (member exports (module http)))))))"
      },
      {
        "value": "http"
      },
      {
        "value": "data"
      },
      {
        "value": "1"
      }
    ],
    [
      {
        "value": "listen"
      },
      {
        "value": "(parameter 0 (parameter 1 (member on (return (member request (member exports (module http)))))))"
      },
      {
        "value": "http"
      },
      {
        "value": "end"
      },
      {
        "value": "1"
      }
    ]
  ]
}