{
  "project": {
    "id": 1794551027,
    "url-identifier": "g/moajs/moa2",
    "name": "moajs/moa2",
    "url": "https://lgtm.com/projects/g/moajs/moa2"
  },
  "columns": [
    "type",
    "ap",
    "pkgName",
    "eventName",
    "cnt"
  ],
  "data": [
    [
      {
        "value": "listen"
      },
      {
        "value": "(instance (member exports (module koa)))"
      },
      {
        "value": "koa"
      },
      {
        "value": "error"
      },
      {
        "value": "1"
      }
    ]
  ]
}