{
  "project": {
    "id": 1511810501105,
    "url-identifier": "g/mayankmandloi/rick-and-morty",
    "name": "mayankmandloi/rick-and-morty",
    "url": "https://lgtm.com/projects/g/mayankmandloi/rick-and-morty"
  },
  "columns": [
    "type",
    "ap",
    "pkgName",
    "eventName",
    "cnt"
  ],
  "data": [
    [
      {
        "value": "listen"
      },
      {
        "value": "(member exports (module process))"
      },
      {
        "value": "process"
      },
      {
        "value": "unhandledRejection"
      },
      {
        "value": "3"
      }
    ]
  ]
}