{
  "project": {
    "id": 1506264437420,
    "url-identifier": "g/microsoft/ionic2-typescript-sidemenu",
    "name": "microsoft/ionic2-typescript-sidemenu",
    "url": "https://lgtm.com/projects/g/microsoft/ionic2-typescript-sidemenu"
  },
  "columns": [
    "type",
    "ap",
    "pkgName",
    "eventName",
    "cnt"
  ],
  "data": [
    [
      {
        "value": "listen"
      },
      {
        "value": "(return (member exports (module ionic-gulp-browserify-typescript)))"
      },
      {
        "value": "ionic-gulp-browserify-typescript"
      },
      {
        "value": "end"
      },
      {
        "value": "1"
      }
    ]
  ]
}