{
  "project": {
    "id": 1798101105,
    "url-identifier": "g/mappum/electron-webrtc",
    "name": "mappum/electron-webrtc",
    "url": "https://lgtm.com/projects/g/mappum/electron-webrtc"
  },
  "columns": [
    "type",
    "ap",
    "pkgName",
    "eventName",
    "cnt"
  ],
  "data": [
    [
      {
        "value": "emit"
      },
      {
        "value": "(instance (member EventEmitter (member exports (module events))))"
      },
      {
        "value": "events"
      },
      {
        "value": "error"
      },
      {
        "value": "4"
      }
    ],
    [
      {
        "value": "listen"
      },
      {
        "value": "(instance (member exports (module simple-peer)))"
      },
      {
        "value": "simple-peer"
      },
      {
        "value": "data"
      },
      {
        "value": "1"
      }
    ],
    [
      {
        "value": "listen"
      },
      {
        "value": "(instance (member exports (module simple-peer)))"
      },
      {
        "value": "simple-peer"
      },
      {
        "value": "end"
      },
      {
        "value": "1"
      }
    ],
    [
      {
        "value": "listen"
      },
      {
        "value": "(instance (member exports (module simple-peer)))"
      },
      {
        "value": "simple-peer"
      },
      {
        "value": "signal"
      },
      {
        "value": "1"
      }
    ],
    [
      {
        "value": "listen"
      },
      {
        "value": "(instance (member exports (module simple-peer)))"
      },
      {
        "value": "simple-peer"
      },
      {
        "value": "connect"
      },
      {
        "value": "1"
      }
    ],
    [
      {
        "value": "listen"
      },
      {
        "value": "(instance (member exports (module simple-peer)))"
      },
      {
        "value": "simple-peer"
      },
      {
        "value": "finish"
      },
      {
        "value": "1"
      }
    ]
  ]
}