{
  "project": {
    "id": 1796071057,
    "url-identifier": "g/mattdesl/audiograph.xyz",
    "name": "mattdesl/audiograph.xyz",
    "url": "https://lgtm.com/projects/g/mattdesl/audiograph.xyz"
  },
  "columns": [
    "type",
    "ap",
    "pkgName",
    "eventName",
    "cnt"
  ],
  "data": [
    [
      {
        "value": "emit"
      },
      {
        "value": "(instance (member EventEmitter (member exports (module events))))"
      },
      {
        "value": "events"
      },
      {
        "value": "start"
      },
      {
        "value": "1"
      }
    ],
    [
      {
        "value": "emit"
      },
      {
        "value": "(instance (member EventEmitter (member exports (module events))))"
      },
      {
        "value": "events"
      },
      {
        "value": "ready"
      },
      {
        "value": "1"
      }
    ],
    [
      {
        "value": "emit"
      },
      {
        "value": "(instance (member EventEmitter (member exports (module events))))"
      },
      {
        "value": "events"
      },
      {
        "value": "stop"
      },
      {
        "value": "1"
      }
    ],
    [
      {
        "value": "listen"
      },
      {
        "value": "(return (member exports (module web-audio-player)))"
      },
      {
        "value": "web-audio-player"
      },
      {
        "value": "error"
      },
      {
        "value": "1"
      }
    ],
    [
      {
        "value": "listen"
      },
      {
        "value": "(return (member exports (module web-audio-player)))"
      },
      {
        "value": "web-audio-player"
      },
      {
        "value": "load"
      },
      {
        "value": "1"
      }
    ],
    [
      {
        "value": "listen"
      },
      {
        "value": "(return (member exports (module web-audio-player)))"
      },
      {
        "value": "web-audio-player"
      },
      {
        "value": "decoding"
      },
      {
        "value": "1"
      }
    ],
    [
      {
        "value": "listen"
      },
      {
        "value": "(instance (member EventEmitter (member exports (module events))))"
      },
      {
        "value": "events"
      },
      {
        "value": "start"
      },
      {
        "value": "3"
      }
    ],
    [
      {
        "value": "listen"
      },
      {
        "value": "(instance (member EventEmitter (member exports (module events))))"
      },
      {
        "value": "events"
      },
      {
        "value": "ready"
      },
      {
        "value": "3"
      }
    ],
    [
      {
        "value": "listen"
      },
      {
        "value": "(instance (member EventEmitter (member exports (module events))))"
      },
      {
        "value": "events"
      },
      {
        "value": "stop"
      },
      {
        "value": "3"
      }
    ],
    [
      {
        "value": "listen"
      },
      {
        "value": "(return (member start (return (member exports (module raf-loop)))))"
      },
      {
        "value": "raf-loop"
      },
      {
        "value": "tick"
      },
      {
        "value": "2"
      }
    ],
    [
      {
        "value": "listen"
      },
      {
        "value": "(return (member to (return (member exports (module tweenr)))))"
      },
      {
        "value": "tweenr"
      },
      {
        "value": "update"
      },
      {
        "value": "1"
      }
    ],
    [
      {
        "value": "listen"
      },
      {
        "value": "(return (member on (return (member to (return (member exports (module tweenr)))))))"
      },
      {
        "value": "tweenr"
      },
      {
        "value": "complete"
      },
      {
        "value": "1"
      }
    ]
  ]
}