{
  "project": {
    "id": 1792970227,
    "url-identifier": "g/mhartington/Ionic-Chat",
    "name": "mhartington/Ionic-Chat",
    "url": "https://lgtm.com/projects/g/mhartington/Ionic-Chat"
  },
  "columns": [
    "type",
    "ap",
    "pkgName",
    "eventName",
    "cnt"
  ],
  "data": [
    [
      {
        "value": "listen"
      },
      {
        "value": "(return (member install (member commands (member exports (module bower)))))"
      },
      {
        "value": "bower"
      },
      {
        "value": "log"
      },
      {
        "value": "1"
      }
    ],
    [
      {
        "value": "listen"
      },
      {
        "value": "(return (member pipe (return (member pipe (return (member pipe (return (member pipe (return (member pipe (return (member src (member exports (module gulp))))))))))))))"
      },
      {
        "value": "gulp"
      },
      {
        "value": "end"
      },
      {
        "value": "1"
      }
    ]
  ]
}