{
  "project": {
    "id": 1506260407792,
    "url-identifier": "g/microsoft/vscode-extension-telemetry",
    "name": "microsoft/vscode-extension-telemetry",
    "url": "https://lgtm.com/projects/g/microsoft/vscode-extension-telemetry"
  },
  "columns": [
    "type",
    "ap",
    "pkgName",
    "eventName",
    "cnt"
  ],
  "data": [
    [
      {
        "value": "listen"
      },
      {
        "value": "(return (member createWriteStream (member exports (module fs))))"
      },
      {
        "value": "fs"
      },
      {
        "value": "finish"
      },
      {
        "value": "1"
      }
    ],
    [
      {
        "value": "listen"
      },
      {
        "value": "(member logStream (instance (member default (member exports (module vscode-extension-telemetry)))))"
      },
      {
        "value": "vscode-extension-telemetry"
      },
      {
        "value": "finish"
      },
      {
        "value": "1"
      }
    ]
  ]
}