{
  "project": {
    "id": 1798241604,
    "url-identifier": "g/MikaAK/s3-plugin-webpack",
    "name": "MikaAK/s3-plugin-webpack",
    "url": "https://lgtm.com/projects/g/MikaAK/s3-plugin-webpack"
  },
  "columns": [
    "type",
    "ap",
    "pkgName",
    "eventName",
    "cnt"
  ],
  "data": [
    [
      {
        "value": "listen"
      },
      {
        "value": "(parameter 0 (parameter 1 (member get (member exports (module https)))))"
      },
      {
        "value": "https"
      },
      {
        "value": "data"
      },
      {
        "value": "1"
      }
    ],
    [
      {
        "value": "listen"
      },
      {
        "value": "(parameter 0 (parameter 1 (member get (member exports (module https)))))"
      },
      {
        "value": "https"
      },
      {
        "value": "error"
      },
      {
        "value": "1"
      }
    ],
    [
      {
        "value": "listen"
      },
      {
        "value": "(parameter 0 (parameter 1 (member get (member exports (module https)))))"
      },
      {
        "value": "https"
      },
      {
        "value": "end"
      },
      {
        "value": "1"
      }
    ]
  ]
}