{
  "project": {
    "id": 126102570,
    "url-identifier": "g/mathisonian/martinet",
    "name": "mathisonian/martinet",
    "url": "https://lgtm.com/projects/g/mathisonian/martinet"
  },
  "columns": [
    "type",
    "ap",
    "pkgName",
    "eventName",
    "cnt"
  ],
  "data": [
    [
      {
        "value": "listen"
      },
      {
        "value": "(return (member socket (member exports (module zmq))))"
      },
      {
        "value": "zmq"
      },
      {
        "value": "message"
      },
      {
        "value": "1"
      }
    ],
    [
      {
        "value": "listen"
      },
      {
        "value": "(member socket (instance (member exports (module martinet))))"
      },
      {
        "value": "martinet"
      },
      {
        "value": "message"
      },
      {
        "value": "1"
      }
    ],
    [
      {
        "value": "listen"
      },
      {
        "value": "(instance (member Worker (member exports (module martinet))))"
      },
      {
        "value": "martinet"
      },
      {
        "value": "add"
      },
      {
        "value": "1"
      }
    ],
    [
      {
        "value": "listen"
      },
      {
        "value": "(parameter -1 (member Worker (member exports (module martinet))))"
      },
      {
        "value": "martinet"
      },
      {
        "value": "add"
      },
      {
        "value": "1"
      }
    ],
    [
      {
        "value": "listen"
      },
      {
        "value": "(member pullSocket (instance (member Worker (member exports (module martinet)))))"
      },
      {
        "value": "martinet"
      },
      {
        "value": "message"
      },
      {
        "value": "1"
      }
    ]
  ]
}