{
  "project": {
    "id": 1511949547968,
    "url-identifier": "g/macku/jest-puppe-shots",
    "name": "macku/jest-puppe-shots",
    "url": "https://lgtm.com/projects/g/macku/jest-puppe-shots"
  },
  "columns": [
    "type",
    "ap",
    "pkgName",
    "eventName",
    "cnt"
  ],
  "data": [
    [
      {
        "value": "listen"
      },
      {
        "value": "(return (member exports (module http-shutdown)))"
      },
      {
        "value": "http-shutdown"
      },
      {
        "value": "error"
      },
      {
        "value": "1"
      }
    ],
    [
      {
        "value": "listen"
      },
      {
        "value": "(return (member exports (module http-shutdown)))"
      },
      {
        "value": "http-shutdown"
      },
      {
        "value": "listening"
      },
      {
        "value": "1"
      }
    ],
    [
      {
        "value": "listen"
      },
      {
        "value": "(parameter 0 (member closeServer (member server (member exports (module jest-puppe-shots-env)))))"
      },
      {
        "value": "jest-puppe-shots-env"
      },
      {
        "value": "close"
      },
      {
        "value": "1"
      }
    ]
  ]
}