{
  "project": {
    "id": 1510524357310,
    "url-identifier": "g/mgh3326/SharePlanner",
    "name": "mgh3326/SharePlanner",
    "url": "https://lgtm.com/projects/g/mgh3326/SharePlanner"
  },
  "columns": [
    "type",
    "ap",
    "pkgName",
    "eventName",
    "cnt"
  ],
  "data": [
    [
      {
        "value": "listen"
      },
      {
        "value": "(return (member closest (return (member exports (module jquery)))))"
      },
      {
        "value": "jquery"
      },
      {
        "value": "hide.bs.modal"
      },
      {
        "value": "1"
      }
    ],
    [
      {
        "value": "listen"
      },
      {
        "value": "(return (member children (return (member exports (module jquery)))))"
      },
      {
        "value": "jquery"
      },
      {
        "value": "mouseover"
      },
      {
        "value": "1"
      }
    ]
  ]
}