{
  "project": {
    "id": 1510822079647,
    "url-identifier": "g/momo-wallet/php",
    "name": "momo-wallet/php",
    "url": "https://lgtm.com/projects/g/momo-wallet/php"
  },
  "columns": [
    "type",
    "ap",
    "pkgName",
    "eventName",
    "cnt"
  ],
  "data": [
    [
      {
        "value": "listen"
      },
      {
        "value": "(return (member exports (module jquery)))"
      },
      {
        "value": "jquery"
      },
      {
        "value": "resize"
      },
      {
        "value": "1"
      }
    ],
    [
      {
        "value": "listen"
      },
      {
        "value": "(return (member addClass (return (member exports (module jquery)))))"
      },
      {
        "value": "jquery"
      },
      {
        "value": "click"
      },
      {
        "value": "1"
      }
    ],
    [
      {
        "value": "listen"
      },
      {
        "value": "(return (member addClass (return (member exports (module jquery)))))"
      },
      {
        "value": "jquery"
      },
      {
        "value": "mousedown"
      },
      {
        "value": "1"
      }
    ],
    [
      {
        "value": "listen"
      },
      {
        "value": "(return (member find (return (member exports (module jquery)))))"
      },
      {
        "value": "jquery"
      },
      {
        "value": "click"
      },
      {
        "value": "1"
      }
    ],
    [
      {
        "value": "listen"
      },
      {
        "value": "(return (member find (return (member exports (module jquery)))))"
      },
      {
        "value": "jquery"
      },
      {
        "value": "mousedown"
      },
      {
        "value": "1"
      }
    ],
    [
      {
        "value": "listen"
      },
      {
        "value": "(return (member append (return (member addClass (return (member exports (module jquery)))))))"
      },
      {
        "value": "jquery"
      },
      {
        "value": "click"
      },
      {
        "value": "1"
      }
    ],
    [
      {
        "value": "listen"
      },
      {
        "value": "(return (member append (return (member addClass (return (member exports (module jquery)))))))"
      },
      {
        "value": "jquery"
      },
      {
        "value": "mousedown"
      },
      {
        "value": "1"
      }
    ]
  ]
}