{
  "project": {
    "id": 1506620676796,
    "url-identifier": "g/mojaloop/dfsp-api",
    "name": "mojaloop/dfsp-api",
    "url": "https://lgtm.com/projects/g/mojaloop/dfsp-api"
  },
  "columns": [
    "type",
    "ap",
    "pkgName",
    "eventName",
    "cnt"
  ],
  "data": [
    [
      {
        "value": "listen"
      },
      {
        "value": "(instance (member Socket (member exports (module net))))"
      },
      {
        "value": "net"
      },
      {
        "value": "error"
      },
      {
        "value": "1"
      }
    ],
    [
      {
        "value": "listen"
      },
      {
        "value": "(instance (member Socket (member exports (module net))))"
      },
      {
        "value": "net"
      },
      {
        "value": "close"
      },
      {
        "value": "1"
      }
    ],
    [
      {
        "value": "listen"
      },
      {
        "value": "(instance (member Socket (member exports (module net))))"
      },
      {
        "value": "net"
      },
      {
        "value": "connect"
      },
      {
        "value": "1"
      }
    ]
  ]
}