{
  "project": {
    "id": 1512034428703,
    "url-identifier": "g/miraclx/split-merge",
    "name": "miraclx/split-merge",
    "url": "https://lgtm.com/projects/g/miraclx/split-merge"
  },
  "columns": [
    "type",
    "ap",
    "pkgName",
    "eventName",
    "cnt"
  ],
  "data": [
    [
      {
        "value": "emit"
      },
      {
        "value": "(return (member Writable (member exports (module stream))))"
      },
      {
        "value": "stream"
      },
      {
        "value": "done"
      },
      {
        "value": "1"
      }
    ],
    [
      {
        "value": "emit"
      },
      {
        "value": "(member _writer (member stage (parameter -1 (member write (parameter 0 (member Writable (member exports (module stream))))))))"
      },
      {
        "value": "stream"
      },
      {
        "value": "done"
      },
      {
        "value": "1"
      }
    ],
    [
      {
        "value": "listen"
      },
      {
        "value": "(return (member Writable (member exports (module stream))))"
      },
      {
        "value": "stream"
      },
      {
        "value": "done"
      },
      {
        "value": "1"
      }
    ],
    [
      {
        "value": "listen"
      },
      {
        "value": "(return (member createWriteStream (member exports (module fs))))"
      },
      {
        "value": "fs"
      },
      {
        "value": "drain"
      },
      {
        "value": "1"
      }
    ],
    [
      {
        "value": "listen"
      },
      {
        "value": "(member writer (member stage (parameter -1 (member write (parameter 0 (member Writable (member exports (module stream))))))))"
      },
      {
        "value": "stream"
      },
      {
        "value": "drain"
      },
      {
        "value": "1"
      }
    ],
    [
      {
        "value": "listen"
      },
      {
        "value": "(member _writer (member stage (parameter -1 (member write (parameter 0 (member Writable (member exports (module stream))))))))"
      },
      {
        "value": "stream"
      },
      {
        "value": "done"
      },
      {
        "value": "1"
      }
    ]
  ]
}