{
  "project": {
    "id": 104509664,
    "url-identifier": "g/mcasimir/mobile-angular-ui",
    "name": "mcasimir/mobile-angular-ui",
    "url": "https://lgtm.com/projects/g/mcasimir/mobile-angular-ui"
  },
  "columns": [
    "type",
    "ap",
    "pkgName",
    "eventName",
    "cnt"
  ],
  "data": [
    [
      {
        "value": "listen"
      },
      {
        "value": "(member exports (module gulp))"
      },
      {
        "value": "gulp"
      },
      {
        "value": "error"
      },
      {
        "value": "1"
      }
    ]
  ]
}