{
  "project": {
    "id": 1773370973,
    "url-identifier": "g/mwaylabs/mcap-log",
    "name": "mwaylabs/mcap-log",
    "url": "https://lgtm.com/projects/g/mwaylabs/mcap-log"
  },
  "columns": [
    "type",
    "ap",
    "pkgName",
    "eventName",
    "cnt"
  ],
  "data": [
    [
      {
        "value": "listen"
      },
      {
        "value": "(return (member createLogger (member exports (module bunyan))))"
      },
      {
        "value": "bunyan"
      },
      {
        "value": "error"
      },
      {
        "value": "1"
      }
    ]
  ]
}