{
  "project": {
    "id": 1511880549164,
    "url-identifier": "g/moscajs/aedes-protocol-decoder",
    "name": "moscajs/aedes-protocol-decoder",
    "url": "https://lgtm.com/projects/g/moscajs/aedes-protocol-decoder"
  },
  "columns": [
    "type",
    "ap",
    "pkgName",
    "eventName",
    "cnt"
  ],
  "data": [
    [
      {
        "value": "listen"
      },
      {
        "value": "(return (member exports (module aedes)))"
      },
      {
        "value": "aedes"
      },
      {
        "value": "unsubscribe"
      },
      {
        "value": "1"
      }
    ],
    [
      {
        "value": "listen"
      },
      {
        "value": "(return (member exports (module aedes)))"
      },
      {
        "value": "aedes"
      },
      {
        "value": "subscribe"
      },
      {
        "value": "1"
      }
    ],
    [
      {
        "value": "listen"
      },
      {
        "value": "(return (member exports (module aedes)))"
      },
      {
        "value": "aedes"
      },
      {
        "value": "client"
      },
      {
        "value": "1"
      }
    ],
    [
      {
        "value": "listen"
      },
      {
        "value": "(return (member exports (module aedes)))"
      },
      {
        "value": "aedes"
      },
      {
        "value": "publish"
      },
      {
        "value": "1"
      }
    ],
    [
      {
        "value": "listen"
      },
      {
        "value": "(return (member exports (module aedes)))"
      },
      {
        "value": "aedes"
      },
      {
        "value": "clientDisconnect"
      },
      {
        "value": "1"
      }
    ],
    [
      {
        "value": "listen"
      },
      {
        "value": "(return (member createConnection (member exports (module net))))"
      },
      {
        "value": "net"
      },
      {
        "value": "timeout"
      },
      {
        "value": "1"
      }
    ],
    [
      {
        "value": "listen"
      },
      {
        "value": "(return (member connect (member exports (module net))))"
      },
      {
        "value": "net"
      },
      {
        "value": "timeout"
      },
      {
        "value": "1"
      }
    ],
    [
      {
        "value": "listen"
      },
      {
        "value": "(return (member parser (member exports (module mqtt-packet))))"
      },
      {
        "value": "mqtt-packet"
      },
      {
        "value": "error"
      },
      {
        "value": "1"
      }
    ],
    [
      {
        "value": "listen"
      },
      {
        "value": "(return (member parser (member exports (module mqtt-packet))))"
      },
      {
        "value": "mqtt-packet"
      },
      {
        "value": "packet"
      },
      {
        "value": "1"
      }
    ],
    [
      {
        "value": "listen"
      },
      {
        "value": "(return (member createServer (member exports (module net))))"
      },
      {
        "value": "net"
      },
      {
        "value": "connection"
      },
      {
        "value": "1"
      }
    ],
    [
      {
        "value": "listen"
      },
      {
        "value": "(parameter 0 (parameter 1 (member on (return (member createServer (member exports (module net)))))))"
      },
      {
        "value": "net"
      },
      {
        "value": "data"
      },
      {
        "value": "1"
      }
    ],
    [
      {
        "value": "listen"
      },
      {
        "value": "(parameter 0 (parameter 1 (member on (return (member createServer (member exports (module net)))))))"
      },
      {
        "value": "net"
      },
      {
        "value": "end"
      },
      {
        "value": "1"
      }
    ]
  ]
}