{
  "project": {
    "id": 115943771,
    "url-identifier": "g/mmckegg/web-audio-school",
    "name": "mmckegg/web-audio-school",
    "url": "https://lgtm.com/projects/g/mmckegg/web-audio-school"
  },
  "columns": [
    "type",
    "ap",
    "pkgName",
    "eventName",
    "cnt"
  ],
  "data": [
    [
      {
        "value": "listen"
      },
      {
        "value": "(return (member edit (member exports (module brace))))"
      },
      {
        "value": "brace"
      },
      {
        "value": "blur"
      },
      {
        "value": "1"
      }
    ],
    [
      {
        "value": "listen"
      },
      {
        "value": "(return (member edit (member exports (module brace))))"
      },
      {
        "value": "brace"
      },
      {
        "value": "change"
      },
      {
        "value": "1"
      }
    ],
    [
      {
        "value": "listen"
      },
      {
        "value": "(return (member edit (member exports (module brace))))"
      },
      {
        "value": "brace"
      },
      {
        "value": "focus"
      },
      {
        "value": "1"
      }
    ]
  ]
}