{
  "project": {
    "id": 1511815026200,
    "url-identifier": "g/niradler/react-rest-api-node",
    "name": "niradler/react-rest-api-node",
    "url": "https://lgtm.com/projects/g/niradler/react-rest-api-node"
  },
  "columns": [
    "type",
    "ap",
    "pkgName",
    "eventName",
    "cnt"
  ],
  "data": [
    [
      {
        "value": "listen"
      },
      {
        "value": "(member exports (module process))"
      },
      {
        "value": "process"
      },
      {
        "value": "unhandledRejection"
      },
      {
        "value": "3"
      }
    ]
  ]
}