{
  "project": {
    "id": 1507566836415,
    "url-identifier": "g/netlify/netlify-cms-www",
    "name": "netlify/netlify-cms-www",
    "url": "https://lgtm.com/projects/g/netlify/netlify-cms-www"
  },
  "columns": [
    "type",
    "ap",
    "pkgName",
    "eventName",
    "cnt"
  ],
  "data": [
    [
      {
        "value": "listen"
      },
      {
        "value": "(return (member spawn (member exports (module child_process))))"
      },
      {
        "value": "child_process"
      },
      {
        "value": "close"
      },
      {
        "value": "1"
      }
    ]
  ]
}