{
  "project": {
    "id": 1508358006039,
    "url-identifier": "g/nhsuk/connecting-to-services-design",
    "name": "nhsuk/connecting-to-services-design",
    "url": "https://lgtm.com/projects/g/nhsuk/connecting-to-services-design"
  },
  "columns": [
    "type",
    "ap",
    "pkgName",
    "eventName",
    "cnt"
  ],
  "data": [
    [
      {
        "value": "listen"
      },
      {
        "value": "(member exports (module process))"
      },
      {
        "value": "process"
      },
      {
        "value": "SIGINT"
      },
      {
        "value": "1"
      }
    ]
  ]
}