{
  "project": {
    "id": 1511530501825,
    "url-identifier": "g/nlp-compromise/de-compromise",
    "name": "nlp-compromise/de-compromise",
    "url": "https://lgtm.com/projects/g/nlp-compromise/de-compromise"
  },
  "columns": [
    "type",
    "ap",
    "pkgName",
    "eventName",
    "cnt"
  ],
  "data": [
    [
      {
        "value": "listen"
      },
      {
        "value": "(parameter -1 (parameter 2 (member exports (module gaze))))"
      },
      {
        "value": "gaze"
      },
      {
        "value": "all"
      },
      {
        "value": "1"
      }
    ],
    [
      {
        "value": "listen"
      },
      {
        "value": "(parameter -1 (parameter 2 (member exports (module gaze))))"
      },
      {
        "value": "gaze"
      },
      {
        "value": "added"
      },
      {
        "value": "1"
      }
    ]
  ]
}