{
  "project": {
    "id": 1511512316793,
    "url-identifier": "g/nielsboogaard/filepond-plugin-media-preview",
    "name": "nielsboogaard/filepond-plugin-media-preview",
    "url": "https://lgtm.com/projects/g/nielsboogaard/filepond-plugin-media-preview"
  },
  "columns": [
    "type",
    "ap",
    "pkgName",
    "eventName",
    "cnt"
  ],
  "data": [
    [
      {
        "value": "listen"
      },
      {
        "value": "(member stdin (member exports (module process)))"
      },
      {
        "value": "process"
      },
      {
        "value": "data"
      },
      {
        "value": "1"
      }
    ]
  ]
}