{
  "project": {
    "id": 45210015,
    "url-identifier": "g/node-weixin/node-weixin-util",
    "name": "node-weixin/node-weixin-util",
    "url": "https://lgtm.com/projects/g/node-weixin/node-weixin-util"
  },
  "columns": [
    "type",
    "ap",
    "pkgName",
    "eventName",
    "cnt"
  ],
  "data": [
    [
      {
        "value": "listen"
      },
      {
        "value": "(return (member pipe (return (member pipe (return (member src (member exports (module gulp))))))))"
      },
      {
        "value": "gulp"
      },
      {
        "value": "error"
      },
      {
        "value": "1"
      }
    ],
    [
      {
        "value": "listen"
      },
      {
        "value": "(return (member pipe (return (member on (return (member pipe (return (member pipe (return (member src (member exports (module gulp))))))))))))"
      },
      {
        "value": "gulp"
      },
      {
        "value": "end"
      },
      {
        "value": "1"
      }
    ]
  ]
}