{
  "project": {
    "id": 1507305316068,
    "url-identifier": "g/nlohmann/crow",
    "name": "nlohmann/crow",
    "url": "https://lgtm.com/projects/g/nlohmann/crow"
  },
  "columns": [
    "type",
    "ap",
    "pkgName",
    "eventName",
    "cnt"
  ],
  "data": [
    [
      {
        "value": "listen"
      },
      {
        "value": "(parameter 0 (parameter 0 (member createServer (member exports (module http)))))"
      },
      {
        "value": "http"
      },
      {
        "value": "error"
      },
      {
        "value": "1"
      }
    ],
    [
      {
        "value": "listen"
      },
      {
        "value": "(return (member on (parameter 0 (parameter 0 (member createServer (member exports (module http)))))))"
      },
      {
        "value": "http"
      },
      {
        "value": "data"
      },
      {
        "value": "1"
      }
    ],
    [
      {
        "value": "listen"
      },
      {
        "value": "(return (member on (return (member on (parameter 0 (parameter 0 (member createServer (member exports (module http)))))))))"
      },
      {
        "value": "http"
      },
      {
        "value": "end"
      },
      {
        "value": "1"
      }
    ]
  ]
}