{
  "project": {
    "id": 1506599367732,
    "url-identifier": "g/nhardy/web-scaffold",
    "name": "nhardy/web-scaffold",
    "url": "https://lgtm.com/projects/g/nhardy/web-scaffold"
  },
  "columns": [
    "type",
    "ap",
    "pkgName",
    "eventName",
    "cnt"
  ],
  "data": [
    [
      {
        "value": "listen"
      },
      {
        "value": "(return (member exports (module nodemon)))"
      },
      {
        "value": "nodemon"
      },
      {
        "value": "start"
      },
      {
        "value": "1"
      }
    ],
    [
      {
        "value": "listen"
      },
      {
        "value": "(return (member exports (module archiver)))"
      },
      {
        "value": "archiver"
      },
      {
        "value": "error"
      },
      {
        "value": "1"
      }
    ],
    [
      {
        "value": "listen"
      },
      {
        "value": "(return (member createWriteStream (member exports (module fs))))"
      },
      {
        "value": "fs"
      },
      {
        "value": "close"
      },
      {
        "value": "1"
      }
    ],
    [
      {
        "value": "listen"
      },
      {
        "value": "(return (member on (return (member exports (module nodemon)))))"
      },
      {
        "value": "nodemon"
      },
      {
        "value": "exit"
      },
      {
        "value": "1"
      }
    ]
  ]
}