{
  "project": {
    "id": 1507617036424,
    "url-identifier": "g/OpenRTMFP/ArcusNode",
    "name": "OpenRTMFP/ArcusNode",
    "url": "https://lgtm.com/projects/g/OpenRTMFP/ArcusNode"
  },
  "columns": [
    "type",
    "ap",
    "pkgName",
    "eventName",
    "cnt"
  ],
  "data": [
    [
      {
        "value": "listen"
      },
      {
        "value": "(member exports (module process))"
      },
      {
        "value": "process"
      },
      {
        "value": "SIGINT"
      },
      {
        "value": "1"
      }
    ],
    [
      {
        "value": "listen"
      },
      {
        "value": "(member exports (module process))"
      },
      {
        "value": "process"
      },
      {
        "value": "exit"
      },
      {
        "value": "1"
      }
    ],
    [
      {
        "value": "listen"
      },
      {
        "value": "(return (member createWriteStream (member exports (module fs))))"
      },
      {
        "value": "fs"
      },
      {
        "value": "error"
      },
      {
        "value": "1"
      }
    ]
  ]
}