{
  "project": {
    "id": 1511556995992,
    "url-identifier": "g/OSBI/node-telemetry",
    "name": "OSBI/node-telemetry",
    "url": "https://lgtm.com/projects/g/OSBI/node-telemetry"
  },
  "columns": [
    "type",
    "ap",
    "pkgName",
    "eventName",
    "cnt"
  ],
  "data": [
    [
      {
        "value": "listen"
      },
      {
        "value": "(member exports (module process))"
      },
      {
        "value": "process"
      },
      {
        "value": "message"
      },
      {
        "value": "1"
      }
    ],
    [
      {
        "value": "listen"
      },
      {
        "value": "(member exports (module process))"
      },
      {
        "value": "process"
      },
      {
        "value": "SIGTERM"
      },
      {
        "value": "1"
      }
    ],
    [
      {
        "value": "listen"
      },
      {
        "value": "(member exports (module process))"
      },
      {
        "value": "process"
      },
      {
        "value": "SIGUSR2"
      },
      {
        "value": "1"
      }
    ],
    [
      {
        "value": "listen"
      },
      {
        "value": "(member exports (module cluster))"
      },
      {
        "value": "cluster"
      },
      {
        "value": "death"
      },
      {
        "value": "1"
      }
    ],
    [
      {
        "value": "listen"
      },
      {
        "value": "(return (member createWriteStream (member exports (module fs))))"
      },
      {
        "value": "fs"
      },
      {
        "value": "close"
      },
      {
        "value": "1"
      }
    ],
    [
      {
        "value": "listen"
      },
      {
        "value": "(return (member listen (return (member exports (module express)))))"
      },
      {
        "value": "express"
      },
      {
        "value": "close"
      },
      {
        "value": "1"
      }
    ],
    [
      {
        "value": "listen"
      },
      {
        "value": "(return (member put (return (member createClient (member exports (module knox))))))"
      },
      {
        "value": "knox"
      },
      {
        "value": "error"
      },
      {
        "value": "1"
      }
    ],
    [
      {
        "value": "listen"
      },
      {
        "value": "(return (member put (return (member createClient (member exports (module knox))))))"
      },
      {
        "value": "knox"
      },
      {
        "value": "response"
      },
      {
        "value": "1"
      }
    ],
    [
      {
        "value": "listen"
      },
      {
        "value": "(return (member query (return (member createClient (member exports (module mysql))))))"
      },
      {
        "value": "mysql"
      },
      {
        "value": "error"
      },
      {
        "value": "1"
      }
    ],
    [
      {
        "value": "listen"
      },
      {
        "value": "(return (member query (return (member createClient (member exports (module mysql))))))"
      },
      {
        "value": "mysql"
      },
      {
        "value": "end"
      },
      {
        "value": "1"
      }
    ]
  ]
}