{
  "project": {
    "id": 1512607257854,
    "url-identifier": "g/OctopusDeploy/OctoStyle",
    "name": "OctopusDeploy/OctoStyle",
    "url": "https://lgtm.com/projects/g/OctopusDeploy/OctoStyle"
  },
  "columns": [
    "type",
    "ap",
    "pkgName",
    "eventName",
    "cnt"
  ],
  "data": [
    [
      {
        "value": "listen"
      },
      {
        "value": "(return (member spawn (member exports (module child_process))))"
      },
      {
        "value": "child_process"
      },
      {
        "value": "close"
      },
      {
        "value": "1"
      }
    ]
  ]
}