{
  "project": {
    "id": 1804074627,
    "url-identifier": "g/OmniSharp/generator-csharp",
    "name": "OmniSharp/generator-csharp",
    "url": "https://lgtm.com/projects/g/OmniSharp/generator-csharp"
  },
  "columns": [
    "type",
    "ap",
    "pkgName",
    "eventName",
    "cnt"
  ],
  "data": [
    [
      {
        "value": "listen"
      },
      {
        "value": "(return (member withPrompt (return (member withOptions (return (member inDir (return (member run (member test (member exports (module yeoman-generator)))))))))))"
      },
      {
        "value": "yeoman-generator"
      },
      {
        "value": "end"
      },
      {
        "value": "1"
      }
    ]
  ]
}