{
  "project": {
    "id": 1765908965,
    "url-identifier": "g/opsmezzo/conservatory-api",
    "name": "opsmezzo/conservatory-api",
    "url": "https://lgtm.com/projects/g/opsmezzo/conservatory-api"
  },
  "columns": [
    "type",
    "ap",
    "pkgName",
    "eventName",
    "cnt"
  ],
  "data": [
    [
      {
        "value": "emit"
      },
      {
        "value": "(instance (member Client (member exports (module conservatory-api))))"
      },
      {
        "value": "conservatory-api"
      },
      {
        "value": "debug::request"
      },
      {
        "value": "1"
      }
    ],
    [
      {
        "value": "emit"
      },
      {
        "value": "(instance (member Client (member exports (module conservatory-api))))"
      },
      {
        "value": "conservatory-api"
      },
      {
        "value": "debug::response"
      },
      {
        "value": "2"
      }
    ],
    [
      {
        "value": "emit"
      },
      {
        "value": "(parameter -1 (member _request (instance (member Client (member exports (module conservatory-api))))))"
      },
      {
        "value": "conservatory-api"
      },
      {
        "value": "debug::request"
      },
      {
        "value": "1"
      }
    ],
    [
      {
        "value": "emit"
      },
      {
        "value": "(parameter -1 (member _request (instance (member Client (member exports (module conservatory-api))))))"
      },
      {
        "value": "conservatory-api"
      },
      {
        "value": "debug::response"
      },
      {
        "value": "2"
      }
    ],
    [
      {
        "value": "listen"
      },
      {
        "value": "(return (member exports (module request)))"
      },
      {
        "value": "request"
      },
      {
        "value": "response"
      },
      {
        "value": "1"
      }
    ]
  ]
}