{
  "project": {
    "id": 1795110716,
    "url-identifier": "g/owncloudarchive/jsxc.chat",
    "name": "owncloudarchive/jsxc.chat",
    "url": "https://lgtm.com/projects/g/owncloudarchive/jsxc.chat"
  },
  "columns": [
    "type",
    "ap",
    "pkgName",
    "eventName",
    "cnt"
  ],
  "data": [
    [
      {
        "value": "listen"
      },
      {
        "value": "(return (member exports (module jquery)))"
      },
      {
        "value": "jquery"
      },
      {
        "value": "load.mfploader"
      },
      {
        "value": "1"
      }
    ],
    [
      {
        "value": "listen"
      },
      {
        "value": "(return (member on (return (member exports (module jquery)))))"
      },
      {
        "value": "jquery"
      },
      {
        "value": "error.mfploader"
      },
      {
        "value": "1"
      }
    ],
    [
      {
        "value": "listen"
      },
      {
        "value": "(return (member off (return (member exports (module jquery)))))"
      },
      {
        "value": "jquery"
      },
      {
        "value": "click.magnificPopup"
      },
      {
        "value": "1"
      }
    ],
    [
      {
        "value": "listen"
      },
      {
        "value": "(return (member find (return (member exports (module jquery)))))"
      },
      {
        "value": "jquery"
      },
      {
        "value": "click"
      },
      {
        "value": "1"
      }
    ]
  ]
}