{
  "project": {
    "id": 1796570095,
    "url-identifier": "g/owais/webpack-bundle-tracker",
    "name": "owais/webpack-bundle-tracker",
    "url": "https://lgtm.com/projects/g/owais/webpack-bundle-tracker"
  },
  "columns": [
    "type",
    "ap",
    "pkgName",
    "eventName",
    "cnt"
  ],
  "data": [
    [
      {
        "value": "listen"
      },
      {
        "value": "(member exports (module process))"
      },
      {
        "value": "process"
      },
      {
        "value": "unhandledRejection"
      },
      {
        "value": "1"
      }
    ]
  ]
}