{
  "project": {
    "id": 1506696766530,
    "url-identifier": "g/opendatateam/udata",
    "name": "opendatateam/udata",
    "url": "https://lgtm.com/projects/g/opendatateam/udata"
  },
  "columns": [
    "type",
    "ap",
    "pkgName",
    "eventName",
    "cnt"
  ],
  "data": [
    [
      {
        "value": "listen"
      },
      {
        "value": "(instance (member PubSub (member exports (module pubsub))))"
      },
      {
        "value": "pubsub"
      },
      {
        "value": "test"
      },
      {
        "value": "1"
      }
    ],
    [
      {
        "value": "listen"
      },
      {
        "value": "(parameter 1 (member onEachFeature (parameter 1 (member geoJson (member exports (module leaflet))))))"
      },
      {
        "value": "leaflet"
      },
      {
        "value": "mouseout"
      },
      {
        "value": "1"
      }
    ],
    [
      {
        "value": "listen"
      },
      {
        "value": "(parameter 1 (member onEachFeature (parameter 1 (member geoJson (member exports (module leaflet))))))"
      },
      {
        "value": "leaflet"
      },
      {
        "value": "mouseover"
      },
      {
        "value": "1"
      }
    ],
    [
      {
        "value": "listen"
      },
      {
        "value": "(parameter 1 (member onEachFeature (member methods (parameter 0 (member exports (module vue))))))"
      },
      {
        "value": "vue"
      },
      {
        "value": "mouseout"
      },
      {
        "value": "1"
      }
    ],
    [
      {
        "value": "listen"
      },
      {
        "value": "(parameter 1 (member onEachFeature (member methods (parameter 0 (member exports (module vue))))))"
      },
      {
        "value": "vue"
      },
      {
        "value": "mouseover"
      },
      {
        "value": "1"
      }
    ],
    [
      {
        "value": "listen"
      },
      {
        "value": "(member map (parameter -1 (member onLevelsLoaded (member methods (parameter 0 (member exports (module vue)))))))"
      },
      {
        "value": "vue"
      },
      {
        "value": "baselayerchange"
      },
      {
        "value": "1"
      }
    ]
  ]
}