{
  "project": {
    "id": 1510848371318,
    "url-identifier": "g/opf/commonmark-ckeditor-build",
    "name": "opf/commonmark-ckeditor-build",
    "url": "https://lgtm.com/projects/g/opf/commonmark-ckeditor-build"
  },
  "columns": [
    "type",
    "ap",
    "pkgName",
    "eventName",
    "cnt"
  ],
  "data": [
    [
      {
        "value": "listen"
      },
      {
        "value": "(instance (member exports (module @ckeditor/ckeditor5-ui/src/button/buttonview)))"
      },
      {
        "value": "@ckeditor/ckeditor5-ui/src/button/buttonview"
      },
      {
        "value": "execute"
      },
      {
        "value": "1"
      }
    ]
  ]
}