{
  "project": {
    "id": 1506721979138,
    "url-identifier": "g/ola-ct/brainshop",
    "name": "ola-ct/brainshop",
    "url": "https://lgtm.com/projects/g/ola-ct/brainshop"
  },
  "columns": [
    "type",
    "ap",
    "pkgName",
    "eventName",
    "cnt"
  ],
  "data": [
    [
      {
        "value": "listen"
      },
      {
        "value": "(parameter 0 (parameter 1 (member createServer (member exports (module nodejs-websocket)))))"
      },
      {
        "value": "nodejs-websocket"
      },
      {
        "value": "error"
      },
      {
        "value": "1"
      }
    ],
    [
      {
        "value": "listen"
      },
      {
        "value": "(parameter 0 (parameter 1 (member createServer (member exports (module nodejs-websocket)))))"
      },
      {
        "value": "nodejs-websocket"
      },
      {
        "value": "text"
      },
      {
        "value": "1"
      }
    ],
    [
      {
        "value": "listen"
      },
      {
        "value": "(parameter 0 (parameter 1 (member createServer (member exports (module nodejs-websocket)))))"
      },
      {
        "value": "nodejs-websocket"
      },
      {
        "value": "close"
      },
      {
        "value": "1"
      }
    ]
  ]
}