{
  "project": {
    "id": 1506708166059,
    "url-identifier": "g/pbontrag/iris",
    "name": "pbontrag/iris",
    "url": "https://lgtm.com/projects/g/pbontrag/iris"
  },
  "columns": [
    "type",
    "ap",
    "pkgName",
    "eventName",
    "cnt"
  ],
  "data": [
    [
      {
        "value": "listen"
      },
      {
        "value": "(return (member createServer (member exports (module http))))"
      },
      {
        "value": "http"
      },
      {
        "value": "listening"
      },
      {
        "value": "1"
      }
    ]
  ]
}