{
  "project": {
    "id": 81795852,
    "url-identifier": "g/pouchdb-community/ember-pouch",
    "name": "pouchdb-community/ember-pouch",
    "url": "https://lgtm.com/projects/g/pouchdb-community/ember-pouch"
  },
  "columns": [
    "type",
    "ap",
    "pkgName",
    "eventName",
    "cnt"
  ],
  "data": [
    [
      {
        "value": "listen"
      },
      {
        "value": "(member changes (parameter -1 (member _startChangesToStoreListener (parameter 0 (member extend (member RESTAdapter (member exports (module ember-data))))))))"
      },
      {
        "value": "ember-data"
      },
      {
        "value": "change"
      },
      {
        "value": "1"
      }
    ],
    [
      {
        "value": "listen"
      },
      {
        "value": "(return (member changes (return (member get (parameter -1 (member _startChangesToStoreListener (parameter 0 (member extend (member RESTAdapter (member exports (module ember-data)))))))))))"
      },
      {
        "value": "ember-data"
      },
      {
        "value": "change"
      },
      {
        "value": "1"
      }
    ]
  ]
}