{
  "project": {
    "id": 110501162,
    "url-identifier": "g/paypal/gnomon",
    "name": "paypal/gnomon",
    "url": "https://lgtm.com/projects/g/paypal/gnomon"
  },
  "columns": [
    "type",
    "ap",
    "pkgName",
    "eventName",
    "cnt"
  ],
  "data": [
    [
      {
        "value": "listen"
      },
      {
        "value": "(member stdout (member exports (module process)))"
      },
      {
        "value": "process"
      },
      {
        "value": "error"
      },
      {
        "value": "1"
      }
    ]
  ]
}