{
  "project": {
    "id": 1766693119,
    "url-identifier": "g/pgilad/gulp-sitemap",
    "name": "pgilad/gulp-sitemap",
    "url": "https://lgtm.com/projects/g/pgilad/gulp-sitemap"
  },
  "columns": [
    "type",
    "ap",
    "pkgName",
    "eventName",
    "cnt"
  ],
  "data": [
    [
      {
        "value": "listen"
      },
      {
        "value": "(return (member obj (member exports (module through2))))"
      },
      {
        "value": "through2"
      },
      {
        "value": "data"
      },
      {
        "value": "23"
      }
    ],
    [
      {
        "value": "listen"
      },
      {
        "value": "(return (member obj (member exports (module through2))))"
      },
      {
        "value": "through2"
      },
      {
        "value": "end"
      },
      {
        "value": "7"
      }
    ],
    [
      {
        "value": "listen"
      },
      {
        "value": "(return (member on (return (member obj (member exports (module through2))))))"
      },
      {
        "value": "through2"
      },
      {
        "value": "end"
      },
      {
        "value": "1"
      }
    ]
  ]
}