{
  "project": {
    "id": 1509952326079,
    "url-identifier": "g/PhearZero/website",
    "name": "PhearZero/website",
    "url": "https://lgtm.com/projects/g/PhearZero/website"
  },
  "columns": [
    "type",
    "ap",
    "pkgName",
    "eventName",
    "cnt"
  ],
  "data": [
    [
      {
        "value": "listen"
      },
      {
        "value": "(return (member createServer (member exports (module http))))"
      },
      {
        "value": "http"
      },
      {
        "value": "error"
      },
      {
        "value": "1"
      }
    ],
    [
      {
        "value": "listen"
      },
      {
        "value": "(return (member createServer (member exports (module http))))"
      },
      {
        "value": "http"
      },
      {
        "value": "listening"
      },
      {
        "value": "1"
      }
    ],
    [
      {
        "value": "listen"
      },
      {
        "value": "(return (member sync (instance (member exports (module pouchdb)))))"
      },
      {
        "value": "pouchdb"
      },
      {
        "value": "change"
      },
      {
        "value": "1"
      }
    ],
    [
      {
        "value": "listen"
      },
      {
        "value": "(return (member on (return (member sync (instance (member exports (module pouchdb)))))))"
      },
      {
        "value": "pouchdb"
      },
      {
        "value": "error"
      },
      {
        "value": "1"
      }
    ]
  ]
}