{
  "project": {
    "id": 1769416698,
    "url-identifier": "g/panthershark/memory-stream",
    "name": "panthershark/memory-stream",
    "url": "https://lgtm.com/projects/g/panthershark/memory-stream"
  },
  "columns": [
    "type",
    "ap",
    "pkgName",
    "eventName",
    "cnt"
  ],
  "data": [
    [
      {
        "value": "listen"
      },
      {
        "value": "(parameter -1 (member exports (module memory-stream)))"
      },
      {
        "value": "memory-stream"
      },
      {
        "value": "finish"
      },
      {
        "value": "2"
      }
    ],
    [
      {
        "value": "listen"
      },
      {
        "value": "(instance (member exports (module memory-stream)))"
      },
      {
        "value": "memory-stream"
      },
      {
        "value": "finish"
      },
      {
        "value": "2"
      }
    ]
  ]
}