{
  "project": {
    "id": 1793525156,
    "url-identifier": "g/parro-it/electron-detach",
    "name": "parro-it/electron-detach",
    "url": "https://lgtm.com/projects/g/parro-it/electron-detach"
  },
  "columns": [
    "type",
    "ap",
    "pkgName",
    "eventName",
    "cnt"
  ],
  "data": [
    [
      {
        "value": "listen"
      },
      {
        "value": "(member app (member exports (module electron)))"
      },
      {
        "value": "electron"
      },
      {
        "value": "ready"
      },
      {
        "value": "1"
      }
    ]
  ]
}