{
  "project": {
    "id": 1508480616135,
    "url-identifier": "g/peerplays-network/peerplaysjs-lib",
    "name": "peerplays-network/peerplaysjs-lib",
    "url": "https://lgtm.com/projects/g/peerplays-network/peerplaysjs-lib"
  },
  "columns": [
    "type",
    "ap",
    "pkgName",
    "eventName",
    "cnt"
  ],
  "data": [
    [
      {
        "value": "emit"
      },
      {
        "value": "(return (member exports (module event-emitter)))"
      },
      {
        "value": "event-emitter"
      },
      {
        "value": "heartbeat"
      },
      {
        "value": "1"
      }
    ],
    [
      {
        "value": "emit"
      },
      {
        "value": "(return (member exports (module event-emitter)))"
      },
      {
        "value": "event-emitter"
      },
      {
        "value": "cancel-order"
      },
      {
        "value": "2"
      }
    ],
    [
      {
        "value": "emit"
      },
      {
        "value": "(return (member exports (module event-emitter)))"
      },
      {
        "value": "event-emitter"
      },
      {
        "value": "close-call"
      },
      {
        "value": "2"
      }
    ],
    [
      {
        "value": "emit"
      },
      {
        "value": "(return (member exports (module event-emitter)))"
      },
      {
        "value": "event-emitter"
      },
      {
        "value": "settle-order-update"
      },
      {
        "value": "1"
      }
    ],
    [
      {
        "value": "emit"
      },
      {
        "value": "(return (member exports (module event-emitter)))"
      },
      {
        "value": "event-emitter"
      },
      {
        "value": "bitasset-update"
      },
      {
        "value": "1"
      }
    ],
    [
      {
        "value": "emit"
      },
      {
        "value": "(return (member exports (module event-emitter)))"
      },
      {
        "value": "event-emitter"
      },
      {
        "value": "call-order-update"
      },
      {
        "value": "1"
      }
    ]
  ]
}