{
  "project": {
    "id": 1512046289320,
    "url-identifier": "g/patternfly/patternfly-react",
    "name": "patternfly/patternfly-react",
    "url": "https://lgtm.com/projects/g/patternfly/patternfly-react"
  },
  "columns": [
    "type",
    "ap",
    "pkgName",
    "eventName",
    "cnt"
  ],
  "data": [
    [
      {
        "value": "listen"
      },
      {
        "value": "(return (member select (member exports (module d3))))"
      },
      {
        "value": "d3"
      },
      {
        "value": "click"
      },
      {
        "value": "1"
      }
    ],
    [
      {
        "value": "listen"
      },
      {
        "value": "(return (member select (member exports (module d3))))"
      },
      {
        "value": "d3"
      },
      {
        "value": ".drag"
      },
      {
        "value": "1"
      }
    ],
    [
      {
        "value": "listen"
      },
      {
        "value": "(return (member select (member exports (module d3))))"
      },
      {
        "value": "d3"
      },
      {
        "value": ".zoom"
      },
      {
        "value": "1"
      }
    ],
    [
      {
        "value": "listen"
      },
      {
        "value": "(return (member d3adaptor (member exports (module webcola))))"
      },
      {
        "value": "webcola"
      },
      {
        "value": "end"
      },
      {
        "value": "1"
      }
    ],
    [
      {
        "value": "listen"
      },
      {
        "value": "(return (member d3adaptor (member exports (module webcola))))"
      },
      {
        "value": "webcola"
      },
      {
        "value": "tick"
      },
      {
        "value": "1"
      }
    ],
    [
      {
        "value": "listen"
      },
      {
        "value": "(return (member forceSimulation (member exports (module d3))))"
      },
      {
        "value": "d3"
      },
      {
        "value": "end"
      },
      {
        "value": "1"
      }
    ],
    [
      {
        "value": "listen"
      },
      {
        "value": "(return (member forceSimulation (member exports (module d3))))"
      },
      {
        "value": "d3"
      },
      {
        "value": "tick"
      },
      {
        "value": "1"
      }
    ],
    [
      {
        "value": "listen"
      },
      {
        "value": "(return (member container (return (member drag (member exports (module d3))))))"
      },
      {
        "value": "d3"
      },
      {
        "value": "start"
      },
      {
        "value": "1"
      }
    ],
    [
      {
        "value": "listen"
      },
      {
        "value": "(return (member scaleExtent (return (member zoom (member exports (module d3))))))"
      },
      {
        "value": "d3"
      },
      {
        "value": "zoom"
      },
      {
        "value": "1"
      }
    ],
    [
      {
        "value": "listen"
      },
      {
        "value": "(return (member on (return (member container (return (member drag (member exports (module d3))))))))"
      },
      {
        "value": "d3"
      },
      {
        "value": "drag"
      },
      {
        "value": "1"
      }
    ],
    [
      {
        "value": "listen"
      },
      {
        "value": "(return (member on (return (member on (return (member container (return (member drag (member exports (module d3))))))))))"
      },
      {
        "value": "d3"
      },
      {
        "value": "end"
      },
      {
        "value": "1"
      }
    ]
  ]
}