{
  "project": {
    "id": 1506104006026,
    "url-identifier": "g/PiotrBerebecki/facebook-chat-bot",
    "name": "PiotrBerebecki/facebook-chat-bot",
    "url": "https://lgtm.com/projects/g/PiotrBerebecki/facebook-chat-bot"
  },
  "columns": [
    "type",
    "ap",
    "pkgName",
    "eventName",
    "cnt"
  ],
  "data": [
    [
      {
        "value": "emit"
      },
      {
        "value": "(parameter 0 (parameter 1 (member on (return (member exports (module socket.io))))))"
      },
      {
        "value": "socket.io"
      },
      {
        "value": "config"
      },
      {
        "value": "1"
      }
    ],
    [
      {
        "value": "emit"
      },
      {
        "value": "(parameter 0 (parameter 1 (member on (return (member exports (module socket.io))))))"
      },
      {
        "value": "socket.io"
      },
      {
        "value": "response"
      },
      {
        "value": "1"
      }
    ],
    [
      {
        "value": "listen"
      },
      {
        "value": "(return (member exports (module socket.io)))"
      },
      {
        "value": "socket.io"
      },
      {
        "value": "connection"
      },
      {
        "value": "1"
      }
    ],
    [
      {
        "value": "listen"
      },
      {
        "value": "(parameter 0 (parameter 1 (member on (return (member exports (module socket.io))))))"
      },
      {
        "value": "socket.io"
      },
      {
        "value": "message"
      },
      {
        "value": "1"
      }
    ],
    [
      {
        "value": "listen"
      },
      {
        "value": "(parameter 0 (parameter 1 (member on (return (member exports (module socket.io))))))"
      },
      {
        "value": "socket.io"
      },
      {
        "value": "config"
      },
      {
        "value": "1"
      }
    ]
  ]
}