{
  "project": {
    "id": 1792620139,
    "url-identifier": "g/quorrajs/NodeSession",
    "name": "quorrajs/NodeSession",
    "url": "https://lgtm.com/projects/g/quorrajs/NodeSession"
  },
  "columns": [
    "type",
    "ap",
    "pkgName",
    "eventName",
    "cnt"
  ],
  "data": [
    [
      {
        "value": "emit"
      },
      {
        "value": "(parameter -1 (parameter 0 (member createServer (member exports (module http)))))"
      },
      {
        "value": "http"
      },
      {
        "value": "error"
      },
      {
        "value": "1"
      }
    ],
    [
      {
        "value": "listen"
      },
      {
        "value": "(return (member createServer (member exports (module https))))"
      },
      {
        "value": "https"
      },
      {
        "value": "request"
      },
      {
        "value": "1"
      }
    ],
    [
      {
        "value": "listen"
      },
      {
        "value": "(return (member createReadStream (member exports (module fs))))"
      },
      {
        "value": "fs"
      },
      {
        "value": "close"
      },
      {
        "value": "1"
      }
    ]
  ]
}