{
  "project": {
    "id": 1768870549,
    "url-identifier": "g/qiu8310/require-resolve",
    "name": "qiu8310/require-resolve",
    "url": "https://lgtm.com/projects/g/qiu8310/require-resolve"
  },
  "columns": [
    "type",
    "ap",
    "pkgName",
    "eventName",
    "cnt"
  ],
  "data": [
    [
      {
        "value": "listen"
      },
      {
        "value": "(return (member pipe (return (member pipe (return (member src (member exports (module gulp))))))))"
      },
      {
        "value": "gulp"
      },
      {
        "value": "finish"
      },
      {
        "value": "1"
      }
    ],
    [
      {
        "value": "listen"
      },
      {
        "value": "(return (member pipe (return (member pipe (return (member pipe (return (member src (member exports (module gulp))))))))))"
      },
      {
        "value": "gulp"
      },
      {
        "value": "finish"
      },
      {
        "value": "1"
      }
    ]
  ]
}