{
  "project": {
    "id": 1506767616254,
    "url-identifier": "g/quickwords/quickwords",
    "name": "quickwords/quickwords",
    "url": "https://lgtm.com/projects/g/quickwords/quickwords"
  },
  "columns": [
    "type",
    "ap",
    "pkgName",
    "eventName",
    "cnt"
  ],
  "data": [
    [
      {
        "value": "listen"
      },
      {
        "value": "(member exports (module iohook))"
      },
      {
        "value": "iohook"
      },
      {
        "value": "keydown"
      },
      {
        "value": "1"
      }
    ],
    [
      {
        "value": "listen"
      },
      {
        "value": "(member exports (module iohook))"
      },
      {
        "value": "iohook"
      },
      {
        "value": "mouseclick"
      },
      {
        "value": "1"
      }
    ],
    [
      {
        "value": "listen"
      },
      {
        "value": "(member app (member exports (module electron)))"
      },
      {
        "value": "electron"
      },
      {
        "value": "ready"
      },
      {
        "value": "1"
      }
    ],
    [
      {
        "value": "listen"
      },
      {
        "value": "(member app (member exports (module electron)))"
      },
      {
        "value": "electron"
      },
      {
        "value": "window-all-closed"
      },
      {
        "value": "1"
      }
    ],
    [
      {
        "value": "listen"
      },
      {
        "value": "(member app (member exports (module electron)))"
      },
      {
        "value": "electron"
      },
      {
        "value": "before-quit"
      },
      {
        "value": "1"
      }
    ],
    [
      {
        "value": "listen"
      },
      {
        "value": "(instance (member Notification (member exports (module electron))))"
      },
      {
        "value": "electron"
      },
      {
        "value": "click"
      },
      {
        "value": "2"
      }
    ],
    [
      {
        "value": "listen"
      },
      {
        "value": "(instance (member BrowserWindow (member exports (module electron))))"
      },
      {
        "value": "electron"
      },
      {
        "value": "blur"
      },
      {
        "value": "1"
      }
    ],
    [
      {
        "value": "listen"
      },
      {
        "value": "(instance (member BrowserWindow (member exports (module electron))))"
      },
      {
        "value": "electron"
      },
      {
        "value": "focus"
      },
      {
        "value": "1"
      }
    ],
    [
      {
        "value": "listen"
      },
      {
        "value": "(instance (member BrowserWindow (member exports (module electron))))"
      },
      {
        "value": "electron"
      },
      {
        "value": "ready-to-show"
      },
      {
        "value": "1"
      }
    ],
    [
      {
        "value": "listen"
      },
      {
        "value": "(return (member getSession (return (member edit (member exports (module brace))))))"
      },
      {
        "value": "brace"
      },
      {
        "value": "change"
      },
      {
        "value": "1"
      }
    ]
  ]
}