{
  "project": {
    "id": 1506787936235,
    "url-identifier": "g/Reddit-Enhancement-Suite/Reddit-Enhancement-Suite.github.io",
    "name": "Reddit-Enhancement-Suite/Reddit-Enhancement-Suite.github.io",
    "url": "https://lgtm.com/projects/g/Reddit-Enhancement-Suite/Reddit-Enhancement-Suite.github.io"
  },
  "columns": [
    "type",
    "ap",
    "pkgName",
    "eventName",
    "cnt"
  ],
  "data": [
    [
      {
        "value": "listen"
      },
      {
        "value": "(return (member request (member exports (module https))))"
      },
      {
        "value": "https"
      },
      {
        "value": "error"
      },
      {
        "value": "1"
      }
    ],
    [
      {
        "value": "listen"
      },
      {
        "value": "(parameter 0 (parameter 1 (member request (member exports (module https)))))"
      },
      {
        "value": "https"
      },
      {
        "value": "data"
      },
      {
        "value": "1"
      }
    ],
    [
      {
        "value": "listen"
      },
      {
        "value": "(parameter 0 (parameter 1 (member request (member exports (module https)))))"
      },
      {
        "value": "https"
      },
      {
        "value": "end"
      },
      {
        "value": "1"
      }
    ]
  ]
}