{
  "project": {
    "id": 1511549236853,
    "url-identifier": "g/rwaldron/jquery.eventsource",
    "name": "rwaldron/jquery.eventsource",
    "url": "https://lgtm.com/projects/g/rwaldron/jquery.eventsource"
  },
  "columns": [
    "type",
    "ap",
    "pkgName",
    "eventName",
    "cnt"
  ],
  "data": [
    [
      {
        "value": "listen"
      },
      {
        "value": "(return (member openStdin (member exports (module process))))"
      },
      {
        "value": "process"
      },
      {
        "value": "data"
      },
      {
        "value": "1"
      }
    ],
    [
      {
        "value": "listen"
      },
      {
        "value": "(return (member openStdin (member exports (module process))))"
      },
      {
        "value": "process"
      },
      {
        "value": "end"
      },
      {
        "value": "1"
      }
    ]
  ]
}