{
  "project": {
    "id": 1790930198,
    "url-identifier": "g/rayokota/generator-angular-dropwizard",
    "name": "rayokota/generator-angular-dropwizard",
    "url": "https://lgtm.com/projects/g/rayokota/generator-angular-dropwizard"
  },
  "columns": [
    "type",
    "ap",
    "pkgName",
    "eventName",
    "cnt"
  ],
  "data": [
    [
      {
        "value": "listen"
      },
      {
        "value": "(instance (member exports (module generator-angular-dropwizard)))"
      },
      {
        "value": "generator-angular-dropwizard"
      },
      {
        "value": "end"
      },
      {
        "value": "1"
      }
    ],
    [
      {
        "value": "listen"
      },
      {
        "value": "(parameter -1 (member exports (module generator-angular-dropwizard)))"
      },
      {
        "value": "generator-angular-dropwizard"
      },
      {
        "value": "end"
      },
      {
        "value": "1"
      }
    ]
  ]
}