{
  "project": {
    "id": 1511513537413,
    "url-identifier": "g/Raynos/composite",
    "name": "Raynos/composite",
    "url": "https://lgtm.com/projects/g/Raynos/composite"
  },
  "columns": [
    "type",
    "ap",
    "pkgName",
    "eventName",
    "cnt"
  ],
  "data": [
    [
      {
        "value": "listen"
      },
      {
        "value": "(return (member create (member exports (module domain))))"
      },
      {
        "value": "domain"
      },
      {
        "value": "error"
      },
      {
        "value": "1"
      }
    ]
  ]
}