{
  "project": {
    "id": 1795191036,
    "url-identifier": "g/runk/redisq",
    "name": "runk/redisq",
    "url": "https://lgtm.com/projects/g/runk/redisq"
  },
  "columns": [
    "type",
    "ap",
    "pkgName",
    "eventName",
    "cnt"
  ],
  "data": [
    [
      {
        "value": "listen"
      },
      {
        "value": "(return (member createClient (member exports (module redis))))"
      },
      {
        "value": "redis"
      },
      {
        "value": "error"
      },
      {
        "value": "1"
      }
    ],
    [
      {
        "value": "listen"
      },
      {
        "value": "(member redis (parameter 0 (member options (member exports (module redisq)))))"
      },
      {
        "value": "redisq"
      },
      {
        "value": "error"
      },
      {
        "value": "1"
      }
    ]
  ]
}