{
  "project": {
    "id": 1506593620014,
    "url-identifier": "g/robotastic/pi-led",
    "name": "robotastic/pi-led",
    "url": "https://lgtm.com/projects/g/robotastic/pi-led"
  },
  "columns": [
    "type",
    "ap",
    "pkgName",
    "eventName",
    "cnt"
  ],
  "data": [
    [
      {
        "value": "emit"
      },
      {
        "value": "(member exports (module pi-led))"
      },
      {
        "value": "pi-led"
      },
      {
        "value": "end"
      },
      {
        "value": "1"
      }
    ],
    [
      {
        "value": "emit"
      },
      {
        "value": "(instance (member EventEmitter (member exports (module events))))"
      },
      {
        "value": "events"
      },
      {
        "value": "end"
      },
      {
        "value": "1"
      }
    ],
    [
      {
        "value": "listen"
      },
      {
        "value": "(instance (member EventEmitter (member exports (module events))))"
      },
      {
        "value": "events"
      },
      {
        "value": "end"
      },
      {
        "value": "1"
      }
    ]
  ]
}