{
  "project": {
    "id": 1798374742,
    "url-identifier": "g/reptar/reptar",
    "name": "reptar/reptar",
    "url": "https://lgtm.com/projects/g/reptar/reptar"
  },
  "columns": [
    "type",
    "ap",
    "pkgName",
    "eventName",
    "cnt"
  ],
  "data": [
    [
      {
        "value": "listen"
      },
      {
        "value": "(return (member createReadStream (member exports (module fs))))"
      },
      {
        "value": "fs"
      },
      {
        "value": "data"
      },
      {
        "value": "1"
      }
    ],
    [
      {
        "value": "listen"
      },
      {
        "value": "(return (member watch (member exports (module chokidar))))"
      },
      {
        "value": "chokidar"
      },
      {
        "value": "change"
      },
      {
        "value": "1"
      }
    ],
    [
      {
        "value": "listen"
      },
      {
        "value": "(return (member on (return (member createReadStream (member exports (module fs))))))"
      },
      {
        "value": "fs"
      },
      {
        "value": "close"
      },
      {
        "value": "1"
      }
    ],
    [
      {
        "value": "listen"
      },
      {
        "value": "(return (member on (return (member on (return (member createReadStream (member exports (module fs))))))))"
      },
      {
        "value": "fs"
      },
      {
        "value": "error"
      },
      {
        "value": "1"
      }
    ]
  ]
}