{
  "project": {
    "id": 1506714516084,
    "url-identifier": "g/rmkubik/shoes",
    "name": "rmkubik/shoes",
    "url": "https://lgtm.com/projects/g/rmkubik/shoes"
  },
  "columns": [
    "type",
    "ap",
    "pkgName",
    "eventName",
    "cnt"
  ],
  "data": [
    [
      {
        "value": "listen"
      },
      {
        "value": "(member events (instance (member * (member scene (parameter 0 (member Game (member exports (module phaser))))))))"
      },
      {
        "value": "phaser"
      },
      {
        "value": "wake"
      },
      {
        "value": "1"
      }
    ]
  ]
}