{
  "project": {
    "id": 1513306806370,
    "url-identifier": "g/rsksmart/rsk-get-verified-contracts",
    "name": "rsksmart/rsk-get-verified-contracts",
    "url": "https://lgtm.com/projects/g/rsksmart/rsk-get-verified-contracts"
  },
  "columns": [
    "type",
    "ap",
    "pkgName",
    "eventName",
    "cnt"
  ],
  "data": [
    [
      {
        "value": "listen"
      },
      {
        "value": "(return (member createLogger (member exports (module bunyan))))"
      },
      {
        "value": "bunyan"
      },
      {
        "value": "error"
      },
      {
        "value": "1"
      }
    ]
  ]
}