{
  "project": {
    "id": 1776291963,
    "url-identifier": "g/randymized/composable-middleware",
    "name": "randymized/composable-middleware",
    "url": "https://lgtm.com/projects/g/randymized/composable-middleware"
  },
  "columns": [
    "type",
    "ap",
    "pkgName",
    "eventName",
    "cnt"
  ],
  "data": [
    [
      {
        "value": "listen"
      },
      {
        "value": "(parameter 1 (return (member exports (module composable-middleware))))"
      },
      {
        "value": "composable-middleware"
      },
      {
        "value": "next"
      },
      {
        "value": "1"
      }
    ]
  ]
}