{
  "project": {
    "id": 1506196296496,
    "url-identifier": "g/rvagg/archived-lmdb",
    "name": "rvagg/archived-lmdb",
    "url": "https://lgtm.com/projects/g/rvagg/archived-lmdb"
  },
  "columns": [
    "type",
    "ap",
    "pkgName",
    "eventName",
    "cnt"
  ],
  "data": [
    [
      {
        "value": "listen"
      },
      {
        "value": "(return (member fork (member exports (module child_process))))"
      },
      {
        "value": "child_process"
      },
      {
        "value": "message"
      },
      {
        "value": "1"
      }
    ],
    [
      {
        "value": "listen"
      },
      {
        "value": "(return (member fork (member exports (module child_process))))"
      },
      {
        "value": "child_process"
      },
      {
        "value": "exit"
      },
      {
        "value": "1"
      }
    ]
  ]
}