{
  "project": {
    "id": 1511504210044,
    "url-identifier": "g/Raynos/browserify-server",
    "name": "Raynos/browserify-server",
    "url": "https://lgtm.com/projects/g/Raynos/browserify-server"
  },
  "columns": [
    "type",
    "ap",
    "pkgName",
    "eventName",
    "cnt"
  ],
  "data": [
    [
      {
        "value": "listen"
      },
      {
        "value": "(return (member exports (module browserify)))"
      },
      {
        "value": "browserify"
      },
      {
        "value": "syntaxError"
      },
      {
        "value": "1"
      }
    ]
  ]
}