{
  "project": {
    "id": 1801001025,
    "url-identifier": "g/ryanseddon/ScrollListView",
    "name": "ryanseddon/ScrollListView",
    "url": "https://lgtm.com/projects/g/ryanseddon/ScrollListView"
  },
  "columns": [
    "type",
    "ap",
    "pkgName",
    "eventName",
    "cnt"
  ],
  "data": [
    [
      {
        "value": "listen"
      },
      {
        "value": "(return (member watch (member exports (module gulp))))"
      },
      {
        "value": "gulp"
      },
      {
        "value": "change"
      },
      {
        "value": "1"
      }
    ]
  ]
}