{
  "project": {
    "id": 1506705966627,
    "url-identifier": "g/rashi283/CloudConsumptionDashboard",
    "name": "rashi283/CloudConsumptionDashboard",
    "url": "https://lgtm.com/projects/g/rashi283/CloudConsumptionDashboard"
  },
  "columns": [
    "type",
    "ap",
    "pkgName",
    "eventName",
    "cnt"
  ],
  "data": [
    [
      {
        "value": "listen"
      },
      {
        "value": "(return (member exports (module jquery)))"
      },
      {
        "value": "jquery"
      },
      {
        "value": "filter.DT"
      },
      {
        "value": "1"
      }
    ],
    [
      {
        "value": "listen"
      },
      {
        "value": "(return (member exports (module jquery)))"
      },
      {
        "value": "jquery"
      },
      {
        "value": "draw.DT_details"
      },
      {
        "value": "1"
      }
    ],
    [
      {
        "value": "listen"
      },
      {
        "value": "(return (member exports (module jquery)))"
      },
      {
        "value": "jquery"
      },
      {
        "value": "column-visibility.DT_details"
      },
      {
        "value": "1"
      }
    ],
    [
      {
        "value": "listen"
      },
      {
        "value": "(return (member exports (module jquery)))"
      },
      {
        "value": "jquery"
      },
      {
        "value": "order.dt"
      },
      {
        "value": "1"
      }
    ]
  ]
}