{
  "project": {
    "id": 1794211316,
    "url-identifier": "g/strongloop/loopback-example-relations",
    "name": "strongloop/loopback-example-relations",
    "url": "https://lgtm.com/projects/g/strongloop/loopback-example-relations"
  },
  "columns": [
    "type",
    "ap",
    "pkgName",
    "eventName",
    "cnt"
  ],
  "data": [
    [
      {
        "value": "emit"
      },
      {
        "value": "(return (member exports (module loopback)))"
      },
      {
        "value": "loopback"
      },
      {
        "value": "started"
      },
      {
        "value": "1"
      }
    ],
    [
      {
        "value": "listen"
      },
      {
        "value": "(return (member exports (module loopback)))"
      },
      {
        "value": "loopback"
      },
      {
        "value": "loaded"
      },
      {
        "value": "1"
      }
    ],
    [
      {
        "value": "listen"
      },
      {
        "value": "(return (member exports (module loopback)))"
      },
      {
        "value": "loopback"
      },
      {
        "value": "started"
      },
      {
        "value": "2"
      }
    ]
  ]
}