{
  "project": {
    "id": 1511470913554,
    "url-identifier": "g/SecureTrading/js-payments",
    "name": "SecureTrading/js-payments",
    "url": "https://lgtm.com/projects/g/SecureTrading/js-payments"
  },
  "columns": [
    "type",
    "ap",
    "pkgName",
    "eventName",
    "cnt"
  ],
  "data": [
    [
      {
        "value": "listen"
      },
      {
        "value": "(instance (parameter 0 (member get (member Container (member exports (module typedi))))))"
      },
      {
        "value": "typedi"
      },
      {
        "value": "error"
      },
      {
        "value": "1"
      }
    ],
    [
      {
        "value": "listen"
      },
      {
        "value": "(instance (parameter 0 (member get (member Container (member exports (module typedi))))))"
      },
      {
        "value": "typedi"
      },
      {
        "value": "success"
      },
      {
        "value": "1"
      }
    ],
    [
      {
        "value": "listen"
      },
      {
        "value": "(instance (parameter 0 (member get (member Container (member exports (module typedi))))))"
      },
      {
        "value": "typedi"
      },
      {
        "value": "submit"
      },
      {
        "value": "1"
      }
    ],
    [
      {
        "value": "listen"
      },
      {
        "value": "(instance (parameter 0 (member get (member Container (member exports (module typedi))))))"
      },
      {
        "value": "typedi"
      },
      {
        "value": "cancel"
      },
      {
        "value": "1"
      }
    ]
  ]
}