{
  "project": {
    "id": 1508633066200,
    "url-identifier": "g/SkewedAspect/rpgkeeper",
    "name": "SkewedAspect/rpgkeeper",
    "url": "https://lgtm.com/projects/g/SkewedAspect/rpgkeeper"
  },
  "columns": [
    "type",
    "ap",
    "pkgName",
    "eventName",
    "cnt"
  ],
  "data": [
    [
      {
        "value": "listen"
      },
      {
        "value": "(parameter 0 (member afterCreate (member pool (return (member get (member exports (module lodash)))))))"
      },
      {
        "value": "lodash"
      },
      {
        "value": "trace"
      },
      {
        "value": "1"
      }
    ]
  ]
}