{
  "project": {
    "id": 2113670507,
    "url-identifier": "g/spring-projects/spring-xd-admin-ui-client",
    "name": "spring-projects/spring-xd-admin-ui-client",
    "url": "https://lgtm.com/projects/g/spring-projects/spring-xd-admin-ui-client"
  },
  "columns": [
    "type",
    "ap",
    "pkgName",
    "eventName",
    "cnt"
  ],
  "data": [
    [
      {
        "value": "listen"
      },
      {
        "value": "(return (member popover (parameter 1 (member link (return (parameter 1 (member directive (return (member directive (return (member directive (return (member directive (return (member directive (return (member directive (return (member directive (return (member directive (return (member directive (return (member module (member exports (module angular)))))))))))))))))))))))))))"
      },
      {
        "value": "angular"
      },
      {
        "value": "show.bs.popover"
      },
      {
        "value": "1"
      }
    ],
    [
      {
        "value": "listen"
      },
      {
        "value": "(return (member on (return (member popover (parameter 1 (member link (return (parameter 1 (member directive (return (member directive (return (member directive (return (member directive (return (member directive (return (member directive (return (member directive (return (member directive (return (member directive (return (member module (member exports (module angular)))))))))))))))))))))))))))))"
      },
      {
        "value": "angular"
      },
      {
        "value": "hide.bs.popover"
      },
      {
        "value": "1"
      }
    ],
    [
      {
        "value": "listen"
      },
      {
        "value": "(return (member tooltip (parameter 1 (member link (return (parameter 1 (member directive (return (member directive (return (member directive (return (member directive (return (member directive (return (member directive (return (member directive (return (member directive (return (member directive (return (member directive (return (member module (member exports (module angular)))))))))))))))))))))))))))))"
      },
      {
        "value": "angular"
      },
      {
        "value": "show.bs.tooltip"
      },
      {
        "value": "1"
      }
    ],
    [
      {
        "value": "listen"
      },
      {
        "value": "(return (member on (return (member tooltip (parameter 1 (member link (return (parameter 1 (member directive (return (member directive (return (member directive (return (member directive (return (member directive (return (member directive (return (member directive (return (member directive (return (member directive (return (member directive (return (member module (member exports (module angular)))))))))))))))))))))))))))))))"
      },
      {
        "value": "angular"
      },
      {
        "value": "hide.bs.tooltip"
      },
      {
        "value": "1"
      }
    ]
  ]
}