{
  "project": {
    "id": 1511532126734,
    "url-identifier": "g/surveyjs/surveyjs_vue_quickstart",
    "name": "surveyjs/surveyjs_vue_quickstart",
    "url": "https://lgtm.com/projects/g/surveyjs/surveyjs_vue_quickstart"
  },
  "columns": [
    "type",
    "ap",
    "pkgName",
    "eventName",
    "cnt"
  ],
  "data": [
    [
      {
        "value": "listen"
      },
      {
        "value": "(return (member exports (module cross-spawn)))"
      },
      {
        "value": "cross-spawn"
      },
      {
        "value": "error"
      },
      {
        "value": "1"
      }
    ],
    [
      {
        "value": "listen"
      },
      {
        "value": "(return (member exports (module cross-spawn)))"
      },
      {
        "value": "cross-spawn"
      },
      {
        "value": "exit"
      },
      {
        "value": "1"
      }
    ]
  ]
}