{
  "project": {
    "id": 1511488542224,
    "url-identifier": "g/steel1990/watch",
    "name": "steel1990/watch",
    "url": "https://lgtm.com/projects/g/steel1990/watch"
  },
  "columns": [
    "type",
    "ap",
    "pkgName",
    "eventName",
    "cnt"
  ],
  "data": [
    [
      {
        "value": "listen"
      },
      {
        "value": "(parameter 1 (parameter 1 (member exports (module gaze))))"
      },
      {
        "value": "gaze"
      },
      {
        "value": "all"
      },
      {
        "value": "1"
      }
    ]
  ]
}