{
  "project": {
    "id": 7890251,
    "url-identifier": "g/stylus/stylus",
    "name": "stylus/stylus",
    "url": "https://lgtm.com/projects/g/stylus/stylus"
  },
  "columns": [
    "type",
    "ap",
    "pkgName",
    "eventName",
    "cnt"
  ],
  "data": [
    [
      {
        "value": "emit"
      },
      {
        "value": "(instance (member EventEmitter (member exports (module events))))"
      },
      {
        "value": "events"
      },
      {
        "value": "file not found"
      },
      {
        "value": "1"
      }
    ],
    [
      {
        "value": "listen"
      },
      {
        "value": "(member stdin (member exports (module process)))"
      },
      {
        "value": "process"
      },
      {
        "value": "data"
      },
      {
        "value": "1"
      }
    ],
    [
      {
        "value": "listen"
      },
      {
        "value": "(member stdin (member exports (module process)))"
      },
      {
        "value": "process"
      },
      {
        "value": "end"
      },
      {
        "value": "1"
      }
    ],
    [
      {
        "value": "listen"
      },
      {
        "value": "(return (member openStdin (member exports (module process))))"
      },
      {
        "value": "process"
      },
      {
        "value": "data"
      },
      {
        "value": "1"
      }
    ],
    [
      {
        "value": "listen"
      },
      {
        "value": "(return (member openStdin (member exports (module process))))"
      },
      {
        "value": "process"
      },
      {
        "value": "end"
      },
      {
        "value": "1"
      }
    ],
    [
      {
        "value": "listen"
      },
      {
        "value": "(return (member createInterface (member exports (module readline))))"
      },
      {
        "value": "readline"
      },
      {
        "value": "SIGINT"
      },
      {
        "value": "1"
      }
    ],
    [
      {
        "value": "listen"
      },
      {
        "value": "(return (member createInterface (member exports (module readline))))"
      },
      {
        "value": "readline"
      },
      {
        "value": "line"
      },
      {
        "value": "1"
      }
    ]
  ]
}