{
  "project": {
    "id": 1764924652,
    "url-identifier": "g/scottcorgan/deliver",
    "name": "scottcorgan/deliver",
    "url": "https://lgtm.com/projects/g/scottcorgan/deliver"
  },
  "columns": [
    "type",
    "ap",
    "pkgName",
    "eventName",
    "cnt"
  ],
  "data": [
    [
      {
        "value": "emit"
      },
      {
        "value": "(parameter 1 (member exports (module deliver)))"
      },
      {
        "value": "deliver"
      },
      {
        "value": "content-length"
      },
      {
        "value": "1"
      }
    ],
    [
      {
        "value": "emit"
      },
      {
        "value": "(parameter 1 (parameter 0 (member use (return (member exports (module connect))))))"
      },
      {
        "value": "connect"
      },
      {
        "value": "content-length"
      },
      {
        "value": "1"
      }
    ]
  ]
}