{
  "project": {
    "id": 1510035816002,
    "url-identifier": "g/stoe/plumbers-demo-app",
    "name": "stoe/plumbers-demo-app",
    "url": "https://lgtm.com/projects/g/stoe/plumbers-demo-app"
  },
  "columns": [
    "type",
    "ap",
    "pkgName",
    "eventName",
    "cnt"
  ],
  "data": [
    [
      {
        "value": "listen"
      },
      {
        "value": "(return (member createServer (member exports (module http))))"
      },
      {
        "value": "http"
      },
      {
        "value": "error"
      },
      {
        "value": "1"
      }
    ],
    [
      {
        "value": "listen"
      },
      {
        "value": "(return (member createServer (member exports (module http))))"
      },
      {
        "value": "http"
      },
      {
        "value": "listening"
      },
      {
        "value": "1"
      }
    ]
  ]
}