{
  "project": {
    "id": 1506543297558,
    "url-identifier": "g/shadiabuhilal/rtl-detect",
    "name": "shadiabuhilal/rtl-detect",
    "url": "https://lgtm.com/projects/g/shadiabuhilal/rtl-detect"
  },
  "columns": [
    "type",
    "ap",
    "pkgName",
    "eventName",
    "cnt"
  ],
  "data": [
    [
      {
        "value": "listen"
      },
      {
        "value": "(return (member spawn (member exports (module child_process))))"
      },
      {
        "value": "child_process"
      },
      {
        "value": "exit"
      },
      {
        "value": "1"
      }
    ]
  ]
}