{
  "project": {
    "id": 1789971141,
    "url-identifier": "g/sindresorhus/electron-dl",
    "name": "sindresorhus/electron-dl",
    "url": "https://lgtm.com/projects/g/sindresorhus/electron-dl"
  },
  "columns": [
    "type",
    "ap",
    "pkgName",
    "eventName",
    "cnt"
  ],
  "data": [
    [
      {
        "value": "listen"
      },
      {
        "value": "(member exports (module process))"
      },
      {
        "value": "process"
      },
      {
        "value": "SIGINT"
      },
      {
        "value": "1"
      }
    ],
    [
      {
        "value": "listen"
      },
      {
        "value": "(member app (member exports (module electron)))"
      },
      {
        "value": "electron"
      },
      {
        "value": "session-created"
      },
      {
        "value": "1"
      }
    ],
    [
      {
        "value": "listen"
      },
      {
        "value": "(instance (member BrowserWindow (member exports (module electron))))"
      },
      {
        "value": "electron"
      },
      {
        "value": "closed"
      },
      {
        "value": "1"
      }
    ],
    [
      {
        "value": "listen"
      },
      {
        "value": "(parameter 0 (parameter 0 (member createServer (member exports (module http)))))"
      },
      {
        "value": "http"
      },
      {
        "value": "end"
      },
      {
        "value": "1"
      }
    ],
    [
      {
        "value": "listen"
      },
      {
        "value": "(member session (member webContents (instance (member BrowserWindow (member exports (module electron))))))"
      },
      {
        "value": "electron"
      },
      {
        "value": "will-download"
      },
      {
        "value": "1"
      }
    ],
    [
      {
        "value": "listen"
      },
      {
        "value": "(parameter 0 (parameter 1 (member on (member app (member exports (module electron))))))"
      },
      {
        "value": "electron"
      },
      {
        "value": "will-download"
      },
      {
        "value": "1"
      }
    ],
    [
      {
        "value": "listen"
      },
      {
        "value": "(parameter 1 (parameter 1 (member on (member session (member webContents (instance (member BrowserWindow (member exports (module electron)))))))))"
      },
      {
        "value": "electron"
      },
      {
        "value": "done"
      },
      {
        "value": "1"
      }
    ],
    [
      {
        "value": "listen"
      },
      {
        "value": "(parameter 1 (parameter 1 (member on (member session (member webContents (instance (member BrowserWindow (member exports (module electron)))))))))"
      },
      {
        "value": "electron"
      },
      {
        "value": "updated"
      },
      {
        "value": "1"
      }
    ]
  ]
}