{
  "project": {
    "id": 1511554808494,
    "url-identifier": "g/shuhei/colortape",
    "name": "shuhei/colortape",
    "url": "https://lgtm.com/projects/g/shuhei/colortape"
  },
  "columns": [
    "type",
    "ap",
    "pkgName",
    "eventName",
    "cnt"
  ],
  "data": [
    [
      {
        "value": "listen"
      },
      {
        "value": "(member exports (module process))"
      },
      {
        "value": "process"
      },
      {
        "value": "exit"
      },
      {
        "value": "1"
      }
    ],
    [
      {
        "value": "listen"
      },
      {
        "value": "(return (member exec (member exports (module child_process))))"
      },
      {
        "value": "child_process"
      },
      {
        "value": "exit"
      },
      {
        "value": "1"
      }
    ],
    [
      {
        "value": "listen"
      },
      {
        "value": "(return (member pipe (instance (parameter 0 (member inherits (member exports (module util)))))))"
      },
      {
        "value": "util"
      },
      {
        "value": "data"
      },
      {
        "value": "1"
      }
    ],
    [
      {
        "value": "listen"
      },
      {
        "value": "(return (member on (return (member pipe (instance (parameter 0 (member inherits (member exports (module util)))))))))"
      },
      {
        "value": "util"
      },
      {
        "value": "end"
      },
      {
        "value": "1"
      }
    ]
  ]
}