{
  "project": {
    "id": 1511478510468,
    "url-identifier": "g/sql-js/sql.js",
    "name": "sql-js/sql.js",
    "url": "https://lgtm.com/projects/g/sql-js/sql.js"
  },
  "columns": [
    "type",
    "ap",
    "pkgName",
    "eventName",
    "cnt"
  ],
  "data": [
    [
      {
        "value": "listen"
      },
      {
        "value": "(member exports (module process))"
      },
      {
        "value": "process"
      },
      {
        "value": "unhandledRejection"
      },
      {
        "value": "1"
      }
    ]
  ]
}