{
  "project": {
    "id": 1506466186211,
    "url-identifier": "g/siddharthkp/bundlesize",
    "name": "siddharthkp/bundlesize",
    "url": "https://lgtm.com/projects/g/siddharthkp/bundlesize"
  },
  "columns": [
    "type",
    "ap",
    "pkgName",
    "eventName",
    "cnt"
  ],
  "data": [
    [
      {
        "value": "listen"
      },
      {
        "value": "(member exports (module process))"
      },
      {
        "value": "process"
      },
      {
        "value": "unhandledRejection"
      },
      {
        "value": "18"
      }
    ],
    [
      {
        "value": "listen"
      },
      {
        "value": "(member stdin (member exports (module process)))"
      },
      {
        "value": "process"
      },
      {
        "value": "end"
      },
      {
        "value": "1"
      }
    ],
    [
      {
        "value": "listen"
      },
      {
        "value": "(member stdin (member exports (module process)))"
      },
      {
        "value": "process"
      },
      {
        "value": "readable"
      },
      {
        "value": "1"
      }
    ],
    [
      {
        "value": "listen"
      },
      {
        "value": "(return (member limitToLast (return (member ref (return (member database (member exports (module firebase))))))))"
      },
      {
        "value": "firebase"
      },
      {
        "value": "value"
      },
      {
        "value": "1"
      }
    ]
  ]
}