{
  "project": {
    "id": 1796563471,
    "url-identifier": "g/soulteary/jquery-city-select",
    "name": "soulteary/jquery-city-select",
    "url": "https://lgtm.com/projects/g/soulteary/jquery-city-select"
  },
  "columns": [
    "type",
    "ap",
    "pkgName",
    "eventName",
    "cnt"
  ],
  "data": [
    [
      {
        "value": "listen"
      },
      {
        "value": "(return (member eq (return (member exports (module jQuery)))))"
      },
      {
        "value": "jQuery"
      },
      {
        "value": "change"
      },
      {
        "value": "1"
      }
    ]
  ]
}