{
  "project": {
    "id": 1506743416336,
    "url-identifier": "g/StephenGrider/UpStarMusic",
    "name": "StephenGrider/UpStarMusic",
    "url": "https://lgtm.com/projects/g/StephenGrider/UpStarMusic"
  },
  "columns": [
    "type",
    "ap",
    "pkgName",
    "eventName",
    "cnt"
  ],
  "data": [
    [
      {
        "value": "listen"
      },
      {
        "value": "(member app (member exports (module electron)))"
      },
      {
        "value": "electron"
      },
      {
        "value": "ready"
      },
      {
        "value": "1"
      }
    ],
    [
      {
        "value": "listen"
      },
      {
        "value": "(member connection (member exports (module mongoose)))"
      },
      {
        "value": "mongoose"
      },
      {
        "value": "open"
      },
      {
        "value": "1"
      }
    ],
    [
      {
        "value": "listen"
      },
      {
        "value": "(return (member once (member connection (member exports (module mongoose)))))"
      },
      {
        "value": "mongoose"
      },
      {
        "value": "error"
      },
      {
        "value": "1"
      }
    ]
  ]
}