{
  "project": {
    "id": 1510616691007,
    "url-identifier": "g/swimlane/ngx-dnd",
    "name": "swimlane/ngx-dnd",
    "url": "https://lgtm.com/projects/g/swimlane/ngx-dnd"
  },
  "columns": [
    "type",
    "ap",
    "pkgName",
    "eventName",
    "cnt"
  ],
  "data": [
    [
      {
        "value": "listen"
      },
      {
        "value": "(return (member exports (module @swimlane/dragula)))"
      },
      {
        "value": "@swimlane/dragula"
      },
      {
        "value": "remove"
      },
      {
        "value": "1"
      }
    ],
    [
      {
        "value": "listen"
      },
      {
        "value": "(return (member exports (module @swimlane/dragula)))"
      },
      {
        "value": "@swimlane/dragula"
      },
      {
        "value": "cancel"
      },
      {
        "value": "1"
      }
    ],
    [
      {
        "value": "listen"
      },
      {
        "value": "(return (member exports (module @swimlane/dragula)))"
      },
      {
        "value": "@swimlane/dragula"
      },
      {
        "value": "drag"
      },
      {
        "value": "1"
      }
    ],
    [
      {
        "value": "listen"
      },
      {
        "value": "(return (member exports (module @swimlane/dragula)))"
      },
      {
        "value": "@swimlane/dragula"
      },
      {
        "value": "drop"
      },
      {
        "value": "1"
      }
    ],
    [
      {
        "value": "listen"
      },
      {
        "value": "(return (member exports (module @swimlane/dragula)))"
      },
      {
        "value": "@swimlane/dragula"
      },
      {
        "value": "over"
      },
      {
        "value": "1"
      }
    ],
    [
      {
        "value": "listen"
      },
      {
        "value": "(return (member exports (module @swimlane/dragula)))"
      },
      {
        "value": "@swimlane/dragula"
      },
      {
        "value": "out"
      },
      {
        "value": "1"
      }
    ]
  ]
}