{
  "project": {
    "id": 1511276437593,
    "url-identifier": "g/socketio/engine.io-client-java",
    "name": "socketio/engine.io-client-java",
    "url": "https://lgtm.com/projects/g/socketio/engine.io-client-java"
  },
  "columns": [
    "type",
    "ap",
    "pkgName",
    "eventName",
    "cnt"
  ],
  "data": [
    [
      {
        "value": "listen"
      },
      {
        "value": "(return (member attach (member exports (module engine.io))))"
      },
      {
        "value": "engine.io"
      },
      {
        "value": "connection"
      },
      {
        "value": "1"
      }
    ],
    [
      {
        "value": "listen"
      },
      {
        "value": "(return (member on (return (member attach (member exports (module engine.io))))))"
      },
      {
        "value": "engine.io"
      },
      {
        "value": "error"
      },
      {
        "value": "1"
      }
    ],
    [
      {
        "value": "listen"
      },
      {
        "value": "(parameter 0 (parameter 1 (member on (return (member attach (member exports (module engine.io)))))))"
      },
      {
        "value": "engine.io"
      },
      {
        "value": "error"
      },
      {
        "value": "1"
      }
    ],
    [
      {
        "value": "listen"
      },
      {
        "value": "(parameter 0 (parameter 1 (member on (return (member attach (member exports (module engine.io)))))))"
      },
      {
        "value": "engine.io"
      },
      {
        "value": "message"
      },
      {
        "value": "1"
      }
    ]
  ]
}