{
  "project": {
    "id": 132479935,
    "url-identifier": "g/substack/cipherhub",
    "name": "substack/cipherhub",
    "url": "https://lgtm.com/projects/g/substack/cipherhub"
  },
  "columns": [
    "type",
    "ap",
    "pkgName",
    "eventName",
    "cnt"
  ],
  "data": [
    [
      {
        "value": "listen"
      },
      {
        "value": "(return (member exports (module hyperquest)))"
      },
      {
        "value": "hyperquest"
      },
      {
        "value": "error"
      },
      {
        "value": "1"
      }
    ],
    [
      {
        "value": "listen"
      },
      {
        "value": "(return (member encrypt (member exports (module hybrid-rsa-stream))))"
      },
      {
        "value": "hybrid-rsa-stream"
      },
      {
        "value": "end"
      },
      {
        "value": "1"
      }
    ],
    [
      {
        "value": "listen"
      },
      {
        "value": "(return (member pipe (member stdin (member exports (module process)))))"
      },
      {
        "value": "process"
      },
      {
        "value": "error"
      },
      {
        "value": "1"
      }
    ],
    [
      {
        "value": "listen"
      },
      {
        "value": "(return (member createReadStream (return (member exports (module level)))))"
      },
      {
        "value": "level"
      },
      {
        "value": "data"
      },
      {
        "value": "1"
      }
    ]
  ]
}