{
  "project": {
    "id": 1506718166590,
    "url-identifier": "g/subtleGradient/hook.io-herd",
    "name": "subtleGradient/hook.io-herd",
    "url": "https://lgtm.com/projects/g/subtleGradient/hook.io-herd"
  },
  "columns": [
    "type",
    "ap",
    "pkgName",
    "eventName",
    "cnt"
  ],
  "data": [
    [
      {
        "value": "listen"
      },
      {
        "value": "(parameter -1 (member Herd (member exports (module hook.io-herd))))"
      },
      {
        "value": "hook.io-herd"
      },
      {
        "value": "hook::ready"
      },
      {
        "value": "1"
      }
    ],
    [
      {
        "value": "listen"
      },
      {
        "value": "(instance (member Herd (member exports (module hook.io-herd))))"
      },
      {
        "value": "hook.io-herd"
      },
      {
        "value": "hook::ready"
      },
      {
        "value": "1"
      }
    ]
  ]
}