{
  "project": {
    "id": 1796141778,
    "url-identifier": "g/seiyria/tournamentmango",
    "name": "seiyria/tournamentmango",
    "url": "https://lgtm.com/projects/g/seiyria/tournamentmango"
  },
  "columns": [
    "type",
    "ap",
    "pkgName",
    "eventName",
    "cnt"
  ],
  "data": [
    [
      {
        "value": "listen"
      },
      {
        "value": "(return (member exports (module watchify)))"
      },
      {
        "value": "watchify"
      },
      {
        "value": "update"
      },
      {
        "value": "1"
      }
    ],
    [
      {
        "value": "listen"
      },
      {
        "value": "(return (member exports (module gulp-sass)))"
      },
      {
        "value": "gulp-sass"
      },
      {
        "value": "error"
      },
      {
        "value": "1"
      }
    ],
    [
      {
        "value": "listen"
      },
      {
        "value": "(return (member pipe (return (member src (member exports (module gulp))))))"
      },
      {
        "value": "gulp"
      },
      {
        "value": "error"
      },
      {
        "value": "1"
      }
    ],
    [
      {
        "value": "listen"
      },
      {
        "value": "(return (member pipe (return (member pipe (return (member src (member exports (module gulp))))))))"
      },
      {
        "value": "gulp"
      },
      {
        "value": "error"
      },
      {
        "value": "1"
      }
    ],
    [
      {
        "value": "listen"
      },
      {
        "value": "(return (member pipe (return (member pipe (return (member pipe (return (member src (member exports (module gulp))))))))))"
      },
      {
        "value": "gulp"
      },
      {
        "value": "error"
      },
      {
        "value": "1"
      }
    ],
    [
      {
        "value": "listen"
      },
      {
        "value": "(return (member pipe (return (member pipe (return (member pipe (return (member bundle (return (member exports (module watchify)))))))))))"
      },
      {
        "value": "watchify"
      },
      {
        "value": "error"
      },
      {
        "value": "1"
      }
    ],
    [
      {
        "value": "listen"
      },
      {
        "value": "(return (member pipe (return (member pipe (return (member pipe (return (member pipe (return (member pipe (return (member pipe (return (member pipe (return (member pipe (return (member src (member exports (module gulp))))))))))))))))))))"
      },
      {
        "value": "gulp"
      },
      {
        "value": "error"
      },
      {
        "value": "1"
      }
    ]
  ]
}