{
  "project": {
    "id": 1507622606385,
    "url-identifier": "g/shopware/shopware",
    "name": "shopware/shopware",
    "url": "https://lgtm.com/projects/g/shopware/shopware"
  },
  "columns": [
    "type",
    "ap",
    "pkgName",
    "eventName",
    "cnt"
  ],
  "data": [
    [
      {
        "value": "listen"
      },
      {
        "value": "(instance (member WorkerClient (member exports (module ace/worker/worker_client))))"
      },
      {
        "value": "ace/worker/worker_client"
      },
      {
        "value": "terminate"
      },
      {
        "value": "1"
      }
    ],
    [
      {
        "value": "listen"
      },
      {
        "value": "(instance (member WorkerClient (member exports (module ace/worker/worker_client))))"
      },
      {
        "value": "ace/worker/worker_client"
      },
      {
        "value": "annotate"
      },
      {
        "value": "1"
      }
    ]
  ]
}