{
  "project": {
    "id": 1510900648823,
    "url-identifier": "g/shamahoque/mern-social",
    "name": "shamahoque/mern-social",
    "url": "https://lgtm.com/projects/g/shamahoque/mern-social"
  },
  "columns": [
    "type",
    "ap",
    "pkgName",
    "eventName",
    "cnt"
  ],
  "data": [
    [
      {
        "value": "listen"
      },
      {
        "value": "(member connection (member exports (module mongoose)))"
      },
      {
        "value": "mongoose"
      },
      {
        "value": "error"
      },
      {
        "value": "1"
      }
    ]
  ]
}