{
  "project": {
    "id": 1797320963,
    "url-identifier": "g/saguijs/sagui",
    "name": "saguijs/sagui",
    "url": "https://lgtm.com/projects/g/saguijs/sagui"
  },
  "columns": [
    "type",
    "ap",
    "pkgName",
    "eventName",
    "cnt"
  ],
  "data": [
    [
      {
        "value": "listen"
      },
      {
        "value": "(member listeningApp (instance (member exports (module webpack-dev-server))))"
      },
      {
        "value": "webpack-dev-server"
      },
      {
        "value": "error"
      },
      {
        "value": "1"
      }
    ]
  ]
}