{
  "project": {
    "id": 102417826,
    "url-identifier": "g/StephenGrider/ReactCasts",
    "name": "StephenGrider/ReactCasts",
    "url": "https://lgtm.com/projects/g/StephenGrider/ReactCasts"
  },
  "columns": [
    "type",
    "ap",
    "pkgName",
    "eventName",
    "cnt"
  ],
  "data": [
    [
      {
        "value": "listen"
      },
      {
        "value": "(return (member exports (module watchify)))"
      },
      {
        "value": "watchify"
      },
      {
        "value": "update"
      },
      {
        "value": "1"
      }
    ],
    [
      {
        "value": "listen"
      },
      {
        "value": "(return (member exports (module gulp-sass)))"
      },
      {
        "value": "gulp-sass"
      },
      {
        "value": "error"
      },
      {
        "value": "1"
      }
    ],
    [
      {
        "value": "listen"
      },
      {
        "value": "(instance (member exports (module firebase)))"
      },
      {
        "value": "firebase"
      },
      {
        "value": "value"
      },
      {
        "value": "1"
      }
    ],
    [
      {
        "value": "listen"
      },
      {
        "value": "(return (member bundle (return (member exports (module watchify)))))"
      },
      {
        "value": "watchify"
      },
      {
        "value": "error"
      },
      {
        "value": "1"
      }
    ],
    [
      {
        "value": "listen"
      },
      {
        "value": "(member fb (parameter -1 (member componentWillMount (parameter 0 (member createClass (member exports (module react)))))))"
      },
      {
        "value": "react"
      },
      {
        "value": "value"
      },
      {
        "value": "1"
      }
    ]
  ]
}