{
  "project": {
    "id": 1510389086302,
    "url-identifier": "g/Syed-Umair/electron-window-shortcut",
    "name": "Syed-Umair/electron-window-shortcut",
    "url": "https://lgtm.com/projects/g/Syed-Umair/electron-window-shortcut"
  },
  "columns": [
    "type",
    "ap",
    "pkgName",
    "eventName",
    "cnt"
  ],
  "data": [
    [
      {
        "value": "listen"
      },
      {
        "value": "(parameter 0 (member attachToWebContent (member exports (module electron-window-shortcut))))"
      },
      {
        "value": "electron-window-shortcut"
      },
      {
        "value": "before-input-event"
      },
      {
        "value": "1"
      }
    ]
  ]
}