{
  "project": {
    "id": 1512548450292,
    "url-identifier": "g/Times-0/Friends",
    "name": "Times-0/Friends",
    "url": "https://lgtm.com/projects/g/Times-0/Friends"
  },
  "columns": [
    "type",
    "ap",
    "pkgName",
    "eventName",
    "cnt"
  ],
  "data": [
    [
      {
        "value": "listen"
      },
      {
        "value": "(return (member exports (module jquery)))"
      },
      {
        "value": "jquery"
      },
      {
        "value": "mousedown.colorpicker touchstart.colorpicker"
      },
      {
        "value": "1"
      }
    ],
    [
      {
        "value": "listen"
      },
      {
        "value": "(return (member exports (module jquery)))"
      },
      {
        "value": "jquery"
      },
      {
        "value": "resize.colorpicker"
      },
      {
        "value": "1"
      }
    ],
    [
      {
        "value": "listen"
      },
      {
        "value": "(member picker (instance (member colorpicker (member exports (module jquery)))))"
      },
      {
        "value": "jquery"
      },
      {
        "value": "mousedown.colorpicker touchstart.colorpicker"
      },
      {
        "value": "1"
      }
    ]
  ]
}