{
  "project": {
    "id": 1796670426,
    "url-identifier": "g/tangguangyao/know",
    "name": "tangguangyao/know",
    "url": "https://lgtm.com/projects/g/tangguangyao/know"
  },
  "columns": [
    "type",
    "ap",
    "pkgName",
    "eventName",
    "cnt"
  ],
  "data": [
    [
      {
        "value": "emit"
      },
      {
        "value": "(member sockets (return (member listen (member exports (module socket.io)))))"
      },
      {
        "value": "socket.io"
      },
      {
        "value": "online"
      },
      {
        "value": "1"
      }
    ],
    [
      {
        "value": "emit"
      },
      {
        "value": "(member broadcast (parameter 0 (parameter 1 (member on (member sockets (return (member listen (member exports (module socket.io)))))))))"
      },
      {
        "value": "socket.io"
      },
      {
        "value": "offline"
      },
      {
        "value": "1"
      }
    ],
    [
      {
        "value": "emit"
      },
      {
        "value": "(parameter 0 (parameter 0 (member forEach (return (member clients (member sockets (return (member listen (member exports (module socket.io))))))))))"
      },
      {
        "value": "socket.io"
      },
      {
        "value": "selfTalk"
      },
      {
        "value": "1"
      }
    ],
    [
      {
        "value": "listen"
      },
      {
        "value": "(member sockets (return (member listen (member exports (module socket.io)))))"
      },
      {
        "value": "socket.io"
      },
      {
        "value": "connection"
      },
      {
        "value": "1"
      }
    ],
    [
      {
        "value": "listen"
      },
      {
        "value": "(parameter 0 (parameter 1 (member on (member sockets (return (member listen (member exports (module socket.io))))))))"
      },
      {
        "value": "socket.io"
      },
      {
        "value": "disconnect"
      },
      {
        "value": "1"
      }
    ],
    [
      {
        "value": "listen"
      },
      {
        "value": "(parameter 0 (parameter 1 (member on (member sockets (return (member listen (member exports (module socket.io))))))))"
      },
      {
        "value": "socket.io"
      },
      {
        "value": "online"
      },
      {
        "value": "1"
      }
    ],
    [
      {
        "value": "listen"
      },
      {
        "value": "(parameter 0 (parameter 1 (member on (member sockets (return (member listen (member exports (module socket.io))))))))"
      },
      {
        "value": "socket.io"
      },
      {
        "value": "selfTalk"
      },
      {
        "value": "1"
      }
    ]
  ]
}