{
  "project": {
    "id": 1506709541991,
    "url-identifier": "g/tigoe/BeginningNFC",
    "name": "tigoe/BeginningNFC",
    "url": "https://lgtm.com/projects/g/tigoe/BeginningNFC"
  },
  "columns": [
    "type",
    "ap",
    "pkgName",
    "eventName",
    "cnt"
  ],
  "data": [
    [
      {
        "value": "emit"
      },
      {
        "value": "(parameter 0 (parameter 1 (member on (member sockets (return (member listen (member exports (module socket.io))))))))"
      },
      {
        "value": "socket.io"
      },
      {
        "value": "tagEvent"
      },
      {
        "value": "2"
      }
    ],
    [
      {
        "value": "listen"
      },
      {
        "value": "(instance (member SerialPort (member exports (module serialport))))"
      },
      {
        "value": "serialport"
      },
      {
        "value": "data"
      },
      {
        "value": "1"
      }
    ],
    [
      {
        "value": "listen"
      },
      {
        "value": "(return (member spawn (member exports (module child_process))))"
      },
      {
        "value": "child_process"
      },
      {
        "value": "close"
      },
      {
        "value": "1"
      }
    ],
    [
      {
        "value": "listen"
      },
      {
        "value": "(return (member spawn (member exports (module child_process))))"
      },
      {
        "value": "child_process"
      },
      {
        "value": "exit"
      },
      {
        "value": "1"
      }
    ],
    [
      {
        "value": "listen"
      },
      {
        "value": "(member stdout (return (member spawn (member exports (module child_process)))))"
      },
      {
        "value": "child_process"
      },
      {
        "value": "data"
      },
      {
        "value": "1"
      }
    ],
    [
      {
        "value": "listen"
      },
      {
        "value": "(member stderr (return (member spawn (member exports (module child_process)))))"
      },
      {
        "value": "child_process"
      },
      {
        "value": "data"
      },
      {
        "value": "1"
      }
    ],
    [
      {
        "value": "listen"
      },
      {
        "value": "(member sockets (return (member listen (member exports (module socket.io)))))"
      },
      {
        "value": "socket.io"
      },
      {
        "value": "connection"
      },
      {
        "value": "1"
      }
    ],
    [
      {
        "value": "listen"
      },
      {
        "value": "(parameter 0 (parameter 1 (member on (member sockets (return (member listen (member exports (module socket.io))))))))"
      },
      {
        "value": "socket.io"
      },
      {
        "value": "disconnect"
      },
      {
        "value": "1"
      }
    ]
  ]
}