{
  "project": {
    "id": 1513051336251,
    "url-identifier": "g/tido64/suggestion-bot",
    "name": "tido64/suggestion-bot",
    "url": "https://lgtm.com/projects/g/tido64/suggestion-bot"
  },
  "columns": [
    "type",
    "ap",
    "pkgName",
    "eventName",
    "cnt"
  ],
  "data": [
    [
      {
        "value": "listen"
      },
      {
        "value": "(return (member openStdin (member exports (module process))))"
      },
      {
        "value": "process"
      },
      {
        "value": "data"
      },
      {
        "value": "1"
      }
    ],
    [
      {
        "value": "listen"
      },
      {
        "value": "(return (member openStdin (member exports (module process))))"
      },
      {
        "value": "process"
      },
      {
        "value": "end"
      },
      {
        "value": "1"
      }
    ]
  ]
}