{
  "project": {
    "id": 1506745686074,
    "url-identifier": "g/triestpa/Guttenberg-Search",
    "name": "triestpa/Guttenberg-Search",
    "url": "https://lgtm.com/projects/g/triestpa/Guttenberg-Search"
  },
  "columns": [
    "type",
    "ap",
    "pkgName",
    "eventName",
    "cnt"
  ],
  "data": [
    [
      {
        "value": "listen"
      },
      {
        "value": "(instance (member exports (module koa)))"
      },
      {
        "value": "koa"
      },
      {
        "value": "error"
      },
      {
        "value": "1"
      }
    ]
  ]
}