{
  "project": {
    "id": 108787406,
    "url-identifier": "g/taskrabbit/ReactNativeSampleApp",
    "name": "taskrabbit/ReactNativeSampleApp",
    "url": "https://lgtm.com/projects/g/taskrabbit/ReactNativeSampleApp"
  },
  "columns": [
    "type",
    "ap",
    "pkgName",
    "eventName",
    "cnt"
  ],
  "data": [
    [
      {
        "value": "emit"
      },
      {
        "value": "(parameter -1 (member emitChange (parameter 2 (member exports (module object-assign)))))"
      },
      {
        "value": "object-assign"
      },
      {
        "value": "change"
      },
      {
        "value": "1"
      }
    ],
    [
      {
        "value": "listen"
      },
      {
        "value": "(member exports (module process))"
      },
      {
        "value": "process"
      },
      {
        "value": "exit"
      },
      {
        "value": "2"
      }
    ],
    [
      {
        "value": "listen"
      },
      {
        "value": "(member Keyboard (member exports (module react-native)))"
      },
      {
        "value": "react-native"
      },
      {
        "value": "keyboardWillShow"
      },
      {
        "value": "1"
      }
    ],
    [
      {
        "value": "listen"
      },
      {
        "value": "(member Keyboard (member exports (module react-native)))"
      },
      {
        "value": "react-native"
      },
      {
        "value": "keyboardDidShow"
      },
      {
        "value": "1"
      }
    ],
    [
      {
        "value": "listen"
      },
      {
        "value": "(member Keyboard (member exports (module react-native)))"
      },
      {
        "value": "react-native"
      },
      {
        "value": "keyboardWillHide"
      },
      {
        "value": "1"
      }
    ],
    [
      {
        "value": "listen"
      },
      {
        "value": "(member Keyboard (member exports (module react-native)))"
      },
      {
        "value": "react-native"
      },
      {
        "value": "keyboardDidHide"
      },
      {
        "value": "1"
      }
    ],
    [
      {
        "value": "listen"
      },
      {
        "value": "(return (member spawn (member exports (module child_process))))"
      },
      {
        "value": "child_process"
      },
      {
        "value": "close"
      },
      {
        "value": "1"
      }
    ],
    [
      {
        "value": "listen"
      },
      {
        "value": "(return (member remote (member exports (module yiewd))))"
      },
      {
        "value": "yiewd"
      },
      {
        "value": "command"
      },
      {
        "value": "1"
      }
    ],
    [
      {
        "value": "listen"
      },
      {
        "value": "(return (member remote (member exports (module yiewd))))"
      },
      {
        "value": "yiewd"
      },
      {
        "value": "status"
      },
      {
        "value": "1"
      }
    ],
    [
      {
        "value": "listen"
      },
      {
        "value": "(member stdout (return (member spawn (member exports (module child_process)))))"
      },
      {
        "value": "child_process"
      },
      {
        "value": "data"
      },
      {
        "value": "1"
      }
    ],
    [
      {
        "value": "listen"
      },
      {
        "value": "(member stderr (return (member spawn (member exports (module child_process)))))"
      },
      {
        "value": "child_process"
      },
      {
        "value": "data"
      },
      {
        "value": "1"
      }
    ],
    [
      {
        "value": "listen"
      },
      {
        "value": "(parameter -1 (member addChangeListener (parameter 2 (member exports (module object-assign)))))"
      },
      {
        "value": "object-assign"
      },
      {
        "value": "change"
      },
      {
        "value": "1"
      }
    ]
  ]
}