{
  "project": {
    "id": 103935275,
    "url-identifier": "g/toddmotto/echo",
    "name": "toddmotto/echo",
    "url": "https://lgtm.com/projects/g/toddmotto/echo"
  },
  "columns": [
    "type",
    "ap",
    "pkgName",
    "eventName",
    "cnt"
  ],
  "data": [
    [
      {
        "value": "listen"
      },
      {
        "value": "(return (member pipe (return (member pipe (return (member src (member exports (module gulp))))))))"
      },
      {
        "value": "gulp"
      },
      {
        "value": "error"
      },
      {
        "value": "1"
      }
    ]
  ]
}