{
  "project": {
    "id": 1506715948100,
    "url-identifier": "g/tylerjl/presentations",
    "name": "tylerjl/presentations",
    "url": "https://lgtm.com/projects/g/tylerjl/presentations"
  },
  "columns": [
    "type",
    "ap",
    "pkgName",
    "eventName",
    "cnt"
  ],
  "data": [
    [
      {
        "value": "emit"
      },
      {
        "value": "(member broadcast (parameter 0 (parameter 1 (member on (return (member exports (module socket.io)))))))"
      },
      {
        "value": "socket.io"
      },
      {
        "value": "statechanged"
      },
      {
        "value": "1"
      }
    ],
    [
      {
        "value": "emit"
      },
      {
        "value": "(member broadcast (parameter 0 (parameter 1 (member on (return (member exports (module socket.io)))))))"
      },
      {
        "value": "socket.io"
      },
      {
        "value": "new-subscriber"
      },
      {
        "value": "1"
      }
    ],
    [
      {
        "value": "emit"
      },
      {
        "value": "(member broadcast (parameter 0 (parameter 1 (member on (return (member exports (module socket.io)))))))"
      },
      {
        "value": "socket.io"
      },
      {
        "value": "statechanged-speaker"
      },
      {
        "value": "1"
      }
    ],
    [
      {
        "value": "listen"
      },
      {
        "value": "(return (member exports (module socket.io)))"
      },
      {
        "value": "socket.io"
      },
      {
        "value": "connection"
      },
      {
        "value": "1"
      }
    ],
    [
      {
        "value": "listen"
      },
      {
        "value": "(return (member createReadStream (member exports (module fs))))"
      },
      {
        "value": "fs"
      },
      {
        "value": "error"
      },
      {
        "value": "1"
      }
    ],
    [
      {
        "value": "listen"
      },
      {
        "value": "(return (member createReadStream (member exports (module fs))))"
      },
      {
        "value": "fs"
      },
      {
        "value": "readable"
      },
      {
        "value": "1"
      }
    ],
    [
      {
        "value": "listen"
      },
      {
        "value": "(parameter 0 (parameter 1 (member on (return (member exports (module socket.io))))))"
      },
      {
        "value": "socket.io"
      },
      {
        "value": "multiplex-statechanged"
      },
      {
        "value": "1"
      }
    ],
    [
      {
        "value": "listen"
      },
      {
        "value": "(parameter 0 (parameter 1 (member on (return (member exports (module socket.io))))))"
      },
      {
        "value": "socket.io"
      },
      {
        "value": "statechanged"
      },
      {
        "value": "1"
      }
    ],
    [
      {
        "value": "listen"
      },
      {
        "value": "(parameter 0 (parameter 1 (member on (return (member exports (module socket.io))))))"
      },
      {
        "value": "socket.io"
      },
      {
        "value": "new-subscriber"
      },
      {
        "value": "1"
      }
    ],
    [
      {
        "value": "listen"
      },
      {
        "value": "(parameter 0 (parameter 1 (member on (return (member exports (module socket.io))))))"
      },
      {
        "value": "socket.io"
      },
      {
        "value": "statechanged-speaker"
      },
      {
        "value": "1"
      }
    ]
  ]
}