{
  "project": {
    "id": 1512560247644,
    "url-identifier": "g/TerriaJS/obj-transform",
    "name": "TerriaJS/obj-transform",
    "url": "https://lgtm.com/projects/g/TerriaJS/obj-transform"
  },
  "columns": [
    "type",
    "ap",
    "pkgName",
    "eventName",
    "cnt"
  ],
  "data": [
    [
      {
        "value": "listen"
      },
      {
        "value": "(return (member createReadStream (member exports (module fs-extra))))"
      },
      {
        "value": "fs-extra"
      },
      {
        "value": "error"
      },
      {
        "value": "1"
      }
    ],
    [
      {
        "value": "listen"
      },
      {
        "value": "(return (member on (return (member createReadStream (member exports (module fs-extra))))))"
      },
      {
        "value": "fs-extra"
      },
      {
        "value": "end"
      },
      {
        "value": "1"
      }
    ]
  ]
}