{
  "project": {
    "id": 13210012,
    "url-identifier": "g/taptapship/wiredep",
    "name": "taptapship/wiredep",
    "url": "https://lgtm.com/projects/g/taptapship/wiredep"
  },
  "columns": [
    "type",
    "ap",
    "pkgName",
    "eventName",
    "cnt"
  ],
  "data": [
    [
      {
        "value": "emit"
      },
      {
        "value": "(parameter -1 (parameter 0 (member obj (member exports (module through2)))))"
      },
      {
        "value": "through2"
      },
      {
        "value": "error"
      },
      {
        "value": "2"
      }
    ]
  ]
}