{
  "project": {
    "id": 1506732646929,
    "url-identifier": "g/tommyh/backbone-view-model",
    "name": "tommyh/backbone-view-model",
    "url": "https://lgtm.com/projects/g/tommyh/backbone-view-model"
  },
  "columns": [
    "type",
    "ap",
    "pkgName",
    "eventName",
    "cnt"
  ],
  "data": [
    [
      {
        "value": "listen"
      },
      {
        "value": "(member * (return (member slice (instance (member model (parameter 2 (member extend (member exports (module underscore)))))))))"
      },
      {
        "value": "underscore"
      },
      {
        "value": "all"
      },
      {
        "value": "1"
      }
    ]
  ]
}