{
  "project": {
    "id": 1510517356788,
    "url-identifier": "g/thibaudcolas/talks",
    "name": "thibaudcolas/talks",
    "url": "https://lgtm.com/projects/g/thibaudcolas/talks"
  },
  "columns": [
    "type",
    "ap",
    "pkgName",
    "eventName",
    "cnt"
  ],
  "data": [
    [
      {
        "value": "listen"
      },
      {
        "value": "(member connection (member exports (module mongoose)))"
      },
      {
        "value": "mongoose"
      },
      {
        "value": "error"
      },
      {
        "value": "1"
      }
    ],
    [
      {
        "value": "listen"
      },
      {
        "value": "(member connection (member exports (module mongoose)))"
      },
      {
        "value": "mongoose"
      },
      {
        "value": "open"
      },
      {
        "value": "1"
      }
    ],
    [
      {
        "value": "listen"
      },
      {
        "value": "(return (member get (member exports (module restler))))"
      },
      {
        "value": "restler"
      },
      {
        "value": "complete"
      },
      {
        "value": "1"
      }
    ],
    [
      {
        "value": "listen"
      },
      {
        "value": "(return (member pipe (return (member exports (module request)))))"
      },
      {
        "value": "request"
      },
      {
        "value": "format"
      },
      {
        "value": "1"
      }
    ],
    [
      {
        "value": "listen"
      },
      {
        "value": "(return (member pipe (return (member createReadStream (member exports (module fs))))))"
      },
      {
        "value": "fs"
      },
      {
        "value": "format"
      },
      {
        "value": "1"
      }
    ]
  ]
}