{
  "project": {
    "id": 1773287184,
    "url-identifier": "g/TheDeveloper/abacus",
    "name": "TheDeveloper/abacus",
    "url": "https://lgtm.com/projects/g/TheDeveloper/abacus"
  },
  "columns": [
    "type",
    "ap",
    "pkgName",
    "eventName",
    "cnt"
  ],
  "data": [
    [
      {
        "value": "listen"
      },
      {
        "value": "(return (member createSocket (member exports (module dgram))))"
      },
      {
        "value": "dgram"
      },
      {
        "value": "message"
      },
      {
        "value": "2"
      }
    ]
  ]
}