{
  "project": {
    "id": 1765844230,
    "url-identifier": "g/turf-junkyard/turf-square",
    "name": "turf-junkyard/turf-square",
    "url": "https://lgtm.com/projects/g/turf-junkyard/turf-square"
  },
  "columns": [
    "type",
    "ap",
    "pkgName",
    "eventName",
    "cnt"
  ],
  "data": [
    [
      {
        "value": "listen"
      },
      {
        "value": "(return (member add (instance (member Suite (member exports (module benchmark))))))"
      },
      {
        "value": "benchmark"
      },
      {
        "value": "cycle"
      },
      {
        "value": "1"
      }
    ],
    [
      {
        "value": "listen"
      },
      {
        "value": "(return (member on (return (member add (instance (member Suite (member exports (module benchmark))))))))"
      },
      {
        "value": "benchmark"
      },
      {
        "value": "complete"
      },
      {
        "value": "1"
      }
    ]
  ]
}