{
  "project": {
    "id": 1507577926096,
    "url-identifier": "g/TylerShin/beyond.ts",
    "name": "TylerShin/beyond.ts",
    "url": "https://lgtm.com/projects/g/TylerShin/beyond.ts"
  },
  "columns": [
    "type",
    "ap",
    "pkgName",
    "eventName",
    "cnt"
  ],
  "data": [
    [
      {
        "value": "listen"
      },
      {
        "value": "(return (member uploadFile (return (member createClient (member exports (module s3))))))"
      },
      {
        "value": "s3"
      },
      {
        "value": "error"
      },
      {
        "value": "1"
      }
    ],
    [
      {
        "value": "listen"
      },
      {
        "value": "(return (member uploadFile (return (member createClient (member exports (module s3))))))"
      },
      {
        "value": "s3"
      },
      {
        "value": "progress"
      },
      {
        "value": "1"
      }
    ],
    [
      {
        "value": "listen"
      },
      {
        "value": "(return (member uploadFile (return (member createClient (member exports (module s3))))))"
      },
      {
        "value": "s3"
      },
      {
        "value": "end"
      },
      {
        "value": "1"
      }
    ],
    [
      {
        "value": "listen"
      },
      {
        "value": "(return (member uploadDir (return (member createClient (member exports (module s3))))))"
      },
      {
        "value": "s3"
      },
      {
        "value": "error"
      },
      {
        "value": "1"
      }
    ],
    [
      {
        "value": "listen"
      },
      {
        "value": "(return (member uploadDir (return (member createClient (member exports (module s3))))))"
      },
      {
        "value": "s3"
      },
      {
        "value": "progress"
      },
      {
        "value": "1"
      }
    ],
    [
      {
        "value": "listen"
      },
      {
        "value": "(return (member uploadDir (return (member createClient (member exports (module s3))))))"
      },
      {
        "value": "s3"
      },
      {
        "value": "end"
      },
      {
        "value": "1"
      }
    ]
  ]
}