{
  "project": {
    "id": 1506165756469,
    "url-identifier": "g/tjanczuk/edge",
    "name": "tjanczuk/edge",
    "url": "https://lgtm.com/projects/g/tjanczuk/edge"
  },
  "columns": [
    "type",
    "ap",
    "pkgName",
    "eventName",
    "cnt"
  ],
  "data": [
    [
      {
        "value": "listen"
      },
      {
        "value": "(return (member get (member exports (module http))))"
      },
      {
        "value": "http"
      },
      {
        "value": "error"
      },
      {
        "value": "1"
      }
    ],
    [
      {
        "value": "listen"
      },
      {
        "value": "(instance (member Server (member exports (module ws))))"
      },
      {
        "value": "ws"
      },
      {
        "value": "connection"
      },
      {
        "value": "1"
      }
    ],
    [
      {
        "value": "listen"
      },
      {
        "value": "(return (member spawn (member exports (module child_process))))"
      },
      {
        "value": "child_process"
      },
      {
        "value": "error"
      },
      {
        "value": "1"
      }
    ],
    [
      {
        "value": "listen"
      },
      {
        "value": "(return (member spawn (member exports (module child_process))))"
      },
      {
        "value": "child_process"
      },
      {
        "value": "close"
      },
      {
        "value": "1"
      }
    ],
    [
      {
        "value": "listen"
      },
      {
        "value": "(parameter 0 (parameter 1 (member get (member exports (module http)))))"
      },
      {
        "value": "http"
      },
      {
        "value": "data"
      },
      {
        "value": "1"
      }
    ],
    [
      {
        "value": "listen"
      },
      {
        "value": "(parameter 0 (parameter 1 (member get (member exports (module http)))))"
      },
      {
        "value": "http"
      },
      {
        "value": "end"
      },
      {
        "value": "1"
      }
    ],
    [
      {
        "value": "listen"
      },
      {
        "value": "(parameter 0 (parameter 1 (member on (instance (member Server (member exports (module ws)))))))"
      },
      {
        "value": "ws"
      },
      {
        "value": "message"
      },
      {
        "value": "1"
      }
    ]
  ]
}