{
  "project": {
    "id": 1506537386479,
    "url-identifier": "g/TerriaJS/terriajs-server",
    "name": "TerriaJS/terriajs-server",
    "url": "https://lgtm.com/projects/g/TerriaJS/terriajs-server"
  },
  "columns": [
    "type",
    "ap",
    "pkgName",
    "eventName",
    "cnt"
  ],
  "data": [
    [
      {
        "value": "listen"
      },
      {
        "value": "(return (member exports (module request)))"
      },
      {
        "value": "request"
      },
      {
        "value": "socket"
      },
      {
        "value": "1"
      }
    ],
    [
      {
        "value": "listen"
      },
      {
        "value": "(instance (member IncomingForm (member exports (module formidable))))"
      },
      {
        "value": "formidable"
      },
      {
        "value": "progress"
      },
      {
        "value": "1"
      }
    ],
    [
      {
        "value": "listen"
      },
      {
        "value": "(return (member get (member exports (module request))))"
      },
      {
        "value": "request"
      },
      {
        "value": "response"
      },
      {
        "value": "1"
      }
    ],
    [
      {
        "value": "listen"
      },
      {
        "value": "(return (member on (return (member exports (module request)))))"
      },
      {
        "value": "request"
      },
      {
        "value": "error"
      },
      {
        "value": "1"
      }
    ],
    [
      {
        "value": "listen"
      },
      {
        "value": "(parameter 0 (parameter 1 (member on (return (member exports (module request))))))"
      },
      {
        "value": "request"
      },
      {
        "value": "lookup"
      },
      {
        "value": "1"
      }
    ],
    [
      {
        "value": "listen"
      },
      {
        "value": "(return (member on (return (member on (return (member exports (module request)))))))"
      },
      {
        "value": "request"
      },
      {
        "value": "response"
      },
      {
        "value": "1"
      }
    ],
    [
      {
        "value": "listen"
      },
      {
        "value": "(parameter 0 (parameter 1 (member on (return (member get (member exports (module request)))))))"
      },
      {
        "value": "request"
      },
      {
        "value": "data"
      },
      {
        "value": "1"
      }
    ],
    [
      {
        "value": "listen"
      },
      {
        "value": "(parameter 0 (parameter 1 (member on (return (member get (member exports (module request)))))))"
      },
      {
        "value": "request"
      },
      {
        "value": "end"
      },
      {
        "value": "1"
      }
    ],
    [
      {
        "value": "listen"
      },
      {
        "value": "(parameter 0 (parameter 1 (member get (return (member Router (member exports (module express)))))))"
      },
      {
        "value": "express"
      },
      {
        "value": "close"
      },
      {
        "value": "1"
      }
    ],
    [
      {
        "value": "listen"
      },
      {
        "value": "(parameter 0 (parameter 1 (member on (return (member on (return (member on (return (member exports (module request))))))))))"
      },
      {
        "value": "request"
      },
      {
        "value": "data"
      },
      {
        "value": "1"
      }
    ],
    [
      {
        "value": "listen"
      },
      {
        "value": "(parameter 0 (parameter 1 (member on (return (member on (return (member on (return (member exports (module request))))))))))"
      },
      {
        "value": "request"
      },
      {
        "value": "end"
      },
      {
        "value": "1"
      }
    ]
  ]
}