{
  "project": {
    "id": 112955544,
    "url-identifier": "g/tblobaum/redis-stream",
    "name": "tblobaum/redis-stream",
    "url": "https://lgtm.com/projects/g/tblobaum/redis-stream"
  },
  "columns": [
    "type",
    "ap",
    "pkgName",
    "eventName",
    "cnt"
  ],
  "data": [
    [
      {
        "value": "listen"
      },
      {
        "value": "(return (member pipe (member exports (module event-stream))))"
      },
      {
        "value": "event-stream"
      },
      {
        "value": "data"
      },
      {
        "value": "20"
      }
    ],
    [
      {
        "value": "listen"
      },
      {
        "value": "(return (member pipe (member exports (module event-stream))))"
      },
      {
        "value": "event-stream"
      },
      {
        "value": "end"
      },
      {
        "value": "1"
      }
    ],
    [
      {
        "value": "listen"
      },
      {
        "value": "(return (member pipe (member exports (module event-stream))))"
      },
      {
        "value": "event-stream"
      },
      {
        "value": "close"
      },
      {
        "value": "2"
      }
    ],
    [
      {
        "value": "listen"
      },
      {
        "value": "(return (member stream (instance (member exports (module redis-stream)))))"
      },
      {
        "value": "redis-stream"
      },
      {
        "value": "data"
      },
      {
        "value": "1"
      }
    ],
    [
      {
        "value": "listen"
      },
      {
        "value": "(return (member stream (instance (member exports (module redis-stream)))))"
      },
      {
        "value": "redis-stream"
      },
      {
        "value": "end"
      },
      {
        "value": "1"
      }
    ],
    [
      {
        "value": "listen"
      },
      {
        "value": "(return (member stream (instance (member exports (module redis-stream)))))"
      },
      {
        "value": "redis-stream"
      },
      {
        "value": "close"
      },
      {
        "value": "1"
      }
    ]
  ]
}