{
  "project": {
    "id": 113850112,
    "url-identifier": "g/unconed/mathbox",
    "name": "unconed/mathbox",
    "url": "https://lgtm.com/projects/g/unconed/mathbox"
  },
  "columns": [
    "type",
    "ap",
    "pkgName",
    "eventName",
    "cnt"
  ],
  "data": [
    [
      {
        "value": "emit"
      },
      {
        "value": "(parameter -1 (parameter 0 (member exports (module through))))"
      },
      {
        "value": "through"
      },
      {
        "value": "error"
      },
      {
        "value": "1"
      }
    ],
    [
      {
        "value": "emit"
      },
      {
        "value": "(parameter -1 (parameter 1 (member exports (module through))))"
      },
      {
        "value": "through"
      },
      {
        "value": "data"
      },
      {
        "value": "1"
      }
    ],
    [
      {
        "value": "emit"
      },
      {
        "value": "(parameter -1 (parameter 1 (member exports (module through))))"
      },
      {
        "value": "through"
      },
      {
        "value": "end"
      },
      {
        "value": "2"
      }
    ]
  ]
}