{
  "project": {
    "id": 1507574506563,
    "url-identifier": "g/uber/streetscape.gl",
    "name": "uber/streetscape.gl",
    "url": "https://lgtm.com/projects/g/uber/streetscape.gl"
  },
  "columns": [
    "type",
    "ap",
    "pkgName",
    "eventName",
    "cnt"
  ],
  "data": [
    [
      {
        "value": "emit"
      },
      {
        "value": "(instance (parameter 0 (member instanceOf (member exports (module prop-types)))))"
      },
      {
        "value": "prop-types"
      },
      {
        "value": "error"
      },
      {
        "value": "2"
      }
    ],
    [
      {
        "value": "emit"
      },
      {
        "value": "(instance (parameter 0 (member instanceOf (member exports (module prop-types)))))"
      },
      {
        "value": "prop-types"
      },
      {
        "value": "ready"
      },
      {
        "value": "1"
      }
    ],
    [
      {
        "value": "emit"
      },
      {
        "value": "(instance (parameter 0 (member instanceOf (member exports (module prop-types)))))"
      },
      {
        "value": "prop-types"
      },
      {
        "value": "update"
      },
      {
        "value": "1"
      }
    ],
    [
      {
        "value": "emit"
      },
      {
        "value": "(instance (parameter 0 (member instanceOf (member exports (module prop-types)))))"
      },
      {
        "value": "prop-types"
      },
      {
        "value": "finish"
      },
      {
        "value": "1"
      }
    ],
    [
      {
        "value": "listen"
      },
      {
        "value": "(instance (member XVIZStreamLoader (member exports (module streetscape.gl))))"
      },
      {
        "value": "streetscape.gl"
      },
      {
        "value": "ready"
      },
      {
        "value": "1"
      }
    ],
    [
      {
        "value": "listen"
      },
      {
        "value": "(instance (member XVIZFileLoader (member exports (module streetscape.gl))))"
      },
      {
        "value": "streetscape.gl"
      },
      {
        "value": "ready"
      },
      {
        "value": "1"
      }
    ],
    [
      {
        "value": "listen"
      },
      {
        "value": "(instance (member XVIZLiveLoader (member exports (module streetscape.gl))))"
      },
      {
        "value": "streetscape.gl"
      },
      {
        "value": "ready"
      },
      {
        "value": "1"
      }
    ],
    [
      {
        "value": "listen"
      },
      {
        "value": "(return (member edit (member exports (module brace))))"
      },
      {
        "value": "brace"
      },
      {
        "value": "change"
      },
      {
        "value": "2"
      }
    ],
    [
      {
        "value": "listen"
      },
      {
        "value": "(return (member edit (member exports (module brace))))"
      },
      {
        "value": "brace"
      },
      {
        "value": "focus"
      },
      {
        "value": "1"
      }
    ],
    [
      {
        "value": "listen"
      },
      {
        "value": "(return (member on (instance (member XVIZStreamLoader (member exports (module streetscape.gl))))))"
      },
      {
        "value": "streetscape.gl"
      },
      {
        "value": "error"
      },
      {
        "value": "1"
      }
    ],
    [
      {
        "value": "listen"
      },
      {
        "value": "(return (member on (instance (member XVIZFileLoader (member exports (module streetscape.gl))))))"
      },
      {
        "value": "streetscape.gl"
      },
      {
        "value": "error"
      },
      {
        "value": "1"
      }
    ]
  ]
}