{
  "project": {
    "id": 102320591,
    "url-identifier": "g/unit9/justareflektor",
    "name": "unit9/justareflektor",
    "url": "https://lgtm.com/projects/g/unit9/justareflektor"
  },
  "columns": [
    "type",
    "ap",
    "pkgName",
    "eventName",
    "cnt"
  ],
  "data": [
    [
      {
        "value": "listen"
      },
      {
        "value": "(instance (member server (member exports (module websocket))))"
      },
      {
        "value": "websocket"
      },
      {
        "value": "error"
      },
      {
        "value": "1"
      }
    ],
    [
      {
        "value": "listen"
      },
      {
        "value": "(instance (member server (member exports (module websocket))))"
      },
      {
        "value": "websocket"
      },
      {
        "value": "request"
      },
      {
        "value": "1"
      }
    ],
    [
      {
        "value": "listen"
      },
      {
        "value": "(return (member accept (parameter 0 (parameter 1 (member on (instance (member server (member exports (module websocket)))))))))"
      },
      {
        "value": "websocket"
      },
      {
        "value": "message"
      },
      {
        "value": "1"
      }
    ],
    [
      {
        "value": "listen"
      },
      {
        "value": "(return (member accept (parameter 0 (parameter 1 (member on (instance (member server (member exports (module websocket)))))))))"
      },
      {
        "value": "websocket"
      },
      {
        "value": "close"
      },
      {
        "value": "1"
      }
    ]
  ]
}