{
  "project": {
    "id": 86023859,
    "url-identifier": "g/voronianski/esnextbin",
    "name": "voronianski/esnextbin",
    "url": "https://lgtm.com/projects/g/voronianski/esnextbin"
  },
  "columns": [
    "type",
    "ap",
    "pkgName",
    "eventName",
    "cnt"
  ],
  "data": [
    [
      {
        "value": "listen"
      },
      {
        "value": "(instance (member exports (module browser-module-sandbox)))"
      },
      {
        "value": "browser-module-sandbox"
      },
      {
        "value": "modules"
      },
      {
        "value": "1"
      }
    ],
    [
      {
        "value": "listen"
      },
      {
        "value": "(instance (member exports (module browser-module-sandbox)))"
      },
      {
        "value": "browser-module-sandbox"
      },
      {
        "value": "bundleStart"
      },
      {
        "value": "1"
      }
    ],
    [
      {
        "value": "listen"
      },
      {
        "value": "(instance (member exports (module browser-module-sandbox)))"
      },
      {
        "value": "browser-module-sandbox"
      },
      {
        "value": "bundleContent"
      },
      {
        "value": "1"
      }
    ],
    [
      {
        "value": "listen"
      },
      {
        "value": "(instance (member exports (module browser-module-sandbox)))"
      },
      {
        "value": "browser-module-sandbox"
      },
      {
        "value": "bundleEnd"
      },
      {
        "value": "1"
      }
    ],
    [
      {
        "value": "listen"
      },
      {
        "value": "(instance (member exports (module browser-module-sandbox)))"
      },
      {
        "value": "browser-module-sandbox"
      },
      {
        "value": "bundleError"
      },
      {
        "value": "1"
      }
    ]
  ]
}