{
  "project": {
    "id": 1506702928724,
    "url-identifier": "g/VPenkov/okayNav",
    "name": "VPenkov/okayNav",
    "url": "https://lgtm.com/projects/g/VPenkov/okayNav"
  },
  "columns": [
    "type",
    "ap",
    "pkgName",
    "eventName",
    "cnt"
  ],
  "data": [
    [
      {
        "value": "listen"
      },
      {
        "value": "(return (member exports (module jquery)))"
      },
      {
        "value": "jquery"
      },
      {
        "value": "click.okayNav"
      },
      {
        "value": "1"
      }
    ],
    [
      {
        "value": "listen"
      },
      {
        "value": "(return (member exports (module jquery)))"
      },
      {
        "value": "jquery"
      },
      {
        "value": "load.okayNav resize.okayNav"
      },
      {
        "value": "1"
      }
    ],
    [
      {
        "value": "listen"
      },
      {
        "value": "(return (member exports (module jquery)))"
      },
      {
        "value": "jquery"
      },
      {
        "value": "touchstart.okayNav"
      },
      {
        "value": "1"
      }
    ],
    [
      {
        "value": "listen"
      },
      {
        "value": "(return (member on (return (member exports (module jquery)))))"
      },
      {
        "value": "jquery"
      },
      {
        "value": "touchmove.okayNav"
      },
      {
        "value": "1"
      }
    ],
    [
      {
        "value": "listen"
      },
      {
        "value": "(member window (parameter -1 (member init (parameter 1 (member extend (member exports (module jquery)))))))"
      },
      {
        "value": "jquery"
      },
      {
        "value": "load.okayNav resize.okayNav"
      },
      {
        "value": "1"
      }
    ],
    [
      {
        "value": "listen"
      },
      {
        "value": "(member document (parameter -1 (member init (parameter 1 (member extend (member exports (module jquery)))))))"
      },
      {
        "value": "jquery"
      },
      {
        "value": "click.okayNav"
      },
      {
        "value": "1"
      }
    ],
    [
      {
        "value": "listen"
      },
      {
        "value": "(member document (parameter -1 (member init (parameter 1 (member extend (member exports (module jquery)))))))"
      },
      {
        "value": "jquery"
      },
      {
        "value": "touchstart.okayNav"
      },
      {
        "value": "1"
      }
    ],
    [
      {
        "value": "listen"
      },
      {
        "value": "(return (member on (return (member on (return (member exports (module jquery)))))))"
      },
      {
        "value": "jquery"
      },
      {
        "value": "touchend.okayNav"
      },
      {
        "value": "1"
      }
    ]
  ]
}