{
  "project": {
    "id": 1511521928605,
    "url-identifier": "g/Verivox/lighthouse-monitor",
    "name": "Verivox/lighthouse-monitor",
    "url": "https://lgtm.com/projects/g/Verivox/lighthouse-monitor"
  },
  "columns": [
    "type",
    "ap",
    "pkgName",
    "eventName",
    "cnt"
  ],
  "data": [
    [
      {
        "value": "listen"
      },
      {
        "value": "(member exports (module process))"
      },
      {
        "value": "process"
      },
      {
        "value": "SIGINT"
      },
      {
        "value": "1"
      }
    ],
    [
      {
        "value": "listen"
      },
      {
        "value": "(return (member watch (member exports (module chokidar))))"
      },
      {
        "value": "chokidar"
      },
      {
        "value": "add"
      },
      {
        "value": "1"
      }
    ],
    [
      {
        "value": "listen"
      },
      {
        "value": "(return (member spawn (member exports (module child_process))))"
      },
      {
        "value": "child_process"
      },
      {
        "value": "close"
      },
      {
        "value": "1"
      }
    ],
    [
      {
        "value": "listen"
      },
      {
        "value": "(return (member on (return (member watch (member exports (module chokidar))))))"
      },
      {
        "value": "chokidar"
      },
      {
        "value": "ready"
      },
      {
        "value": "1"
      }
    ],
    [
      {
        "value": "listen"
      },
      {
        "value": "(return (member on (return (member on (return (member watch (member exports (module chokidar))))))))"
      },
      {
        "value": "chokidar"
      },
      {
        "value": "error"
      },
      {
        "value": "1"
      }
    ],
    [
      {
        "value": "listen"
      },
      {
        "value": "(return (member on (return (member on (return (member on (return (member watch (member exports (module chokidar))))))))))"
      },
      {
        "value": "chokidar"
      },
      {
        "value": "unlink"
      },
      {
        "value": "1"
      }
    ]
  ]
}