{
  "project": {
    "id": 1506721127938,
    "url-identifier": "g/Visyond/website-hugo",
    "name": "Visyond/website-hugo",
    "url": "https://lgtm.com/projects/g/Visyond/website-hugo"
  },
  "columns": [
    "type",
    "ap",
    "pkgName",
    "eventName",
    "cnt"
  ],
  "data": [
    [
      {
        "value": "listen"
      },
      {
        "value": "(return (member spawn (member exports (module child_process))))"
      },
      {
        "value": "child_process"
      },
      {
        "value": "close"
      },
      {
        "value": "1"
      }
    ]
  ]
}