{
  "project": {
    "id": 1769763024,
    "url-identifier": "g/w8r/Leaflet.Path.Drag",
    "name": "w8r/Leaflet.Path.Drag",
    "url": "https://lgtm.com/projects/g/w8r/Leaflet.Path.Drag"
  },
  "columns": [
    "type",
    "ap",
    "pkgName",
    "eventName",
    "cnt"
  ],
  "data": [
    [
      {
        "value": "listen"
      },
      {
        "value": "(return (member polygon (member exports (module leaflet))))"
      },
      {
        "value": "leaflet"
      },
      {
        "value": "dragend"
      },
      {
        "value": "1"
      }
    ],
    [
      {
        "value": "listen"
      },
      {
        "value": "(return (member polyline (member exports (module leaflet))))"
      },
      {
        "value": "leaflet"
      },
      {
        "value": "dragend"
      },
      {
        "value": "1"
      }
    ],
    [
      {
        "value": "listen"
      },
      {
        "value": "(return (member circle (member exports (module leaflet))))"
      },
      {
        "value": "leaflet"
      },
      {
        "value": "dragend"
      },
      {
        "value": "1"
      }
    ],
    [
      {
        "value": "listen"
      },
      {
        "value": "(return (member setView (instance (member Map (member exports (module leaflet))))))"
      },
      {
        "value": "leaflet"
      },
      {
        "value": "click"
      },
      {
        "value": "1"
      }
    ],
    [
      {
        "value": "listen"
      },
      {
        "value": "(return (member setView (instance (member Map (member exports (module leaflet))))))"
      },
      {
        "value": "leaflet"
      },
      {
        "value": "click"
      },
      {
        "value": "6"
      }
    ]
  ]
}