{
  "project": {
    "id": 1788970402,
    "url-identifier": "g/wikimedia/phabricator-extensions-Sprint",
    "name": "wikimedia/phabricator-extensions-Sprint",
    "url": "https://lgtm.com/projects/g/wikimedia/phabricator-extensions-Sprint"
  },
  "columns": [
    "type",
    "ap",
    "pkgName",
    "eventName",
    "cnt"
  ],
  "data": [
    [
      {
        "value": "listen"
      },
      {
        "value": "(return (member exports (module jquery)))"
      },
      {
        "value": "jquery"
      },
      {
        "value": "search.dt.DT"
      },
      {
        "value": "1"
      }
    ],
    [
      {
        "value": "listen"
      },
      {
        "value": "(return (member exports (module jquery)))"
      },
      {
        "value": "jquery"
      },
      {
        "value": "scroll.DT"
      },
      {
        "value": "1"
      }
    ],
    [
      {
        "value": "listen"
      },
      {
        "value": "(return (member exports (module jquery)))"
      },
      {
        "value": "jquery"
      },
      {
        "value": "order.dt.DT"
      },
      {
        "value": "1"
      }
    ]
  ]
}