{
  "project": {
    "id": 1511931817618,
    "url-identifier": "g/WeiChiaChang/js-pop-quiz",
    "name": "WeiChiaChang/js-pop-quiz",
    "url": "https://lgtm.com/projects/g/WeiChiaChang/js-pop-quiz"
  },
  "columns": [
    "type",
    "ap",
    "pkgName",
    "eventName",
    "cnt"
  ],
  "data": [
    [
      {
        "value": "listen"
      },
      {
        "value": "(return (member ref (return (member database (member exports (module firebase))))))"
      },
      {
        "value": "firebase"
      },
      {
        "value": "value"
      },
      {
        "value": "1"
      }
    ],
    [
      {
        "value": "listen"
      },
      {
        "value": "(return (member limitToLast (return (member orderByChild (return (member ref (return (member database (member exports (module firebase))))))))))"
      },
      {
        "value": "firebase"
      },
      {
        "value": "value"
      },
      {
        "value": "1"
      }
    ]
  ]
}