{
  "project": {
    "id": 1511537327545,
    "url-identifier": "g/wooorm/character-entities-legacy",
    "name": "wooorm/character-entities-legacy",
    "url": "https://lgtm.com/projects/g/wooorm/character-entities-legacy"
  },
  "columns": [
    "type",
    "ap",
    "pkgName",
    "eventName",
    "cnt"
  ],
  "data": [
    [
      {
        "value": "listen"
      },
      {
        "value": "(return (member pipe (parameter 0 (parameter 1 (member get (member exports (module https)))))))"
      },
      {
        "value": "https"
      },
      {
        "value": "error"
      },
      {
        "value": "1"
      }
    ]
  ]
}