{
  "project": {
    "id": 1770641216,
    "url-identifier": "g/wilsonjackson/add-stream",
    "name": "wilsonjackson/add-stream",
    "url": "https://lgtm.com/projects/g/wilsonjackson/add-stream"
  },
  "columns": [
    "type",
    "ap",
    "pkgName",
    "eventName",
    "cnt"
  ],
  "data": [
    [
      {
        "value": "emit"
      },
      {
        "value": "(parameter -1 (parameter 0 (member readable (member exports (module event-stream)))))"
      },
      {
        "value": "event-stream"
      },
      {
        "value": "end"
      },
      {
        "value": "1"
      }
    ],
    [
      {
        "value": "listen"
      },
      {
        "value": "(return (member pipe (return (parameter 0 (member exports (module add-stream))))))"
      },
      {
        "value": "add-stream"
      },
      {
        "value": "finish"
      },
      {
        "value": "1"
      }
    ]
  ]
}