{
  "project": {
    "id": 1506731836133,
    "url-identifier": "g/xiph/aomanalyzer",
    "name": "xiph/aomanalyzer",
    "url": "https://lgtm.com/projects/g/xiph/aomanalyzer"
  },
  "columns": [
    "type",
    "ap",
    "pkgName",
    "eventName",
    "cnt"
  ],
  "data": [
    [
      {
        "value": "listen"
      },
      {
        "value": "(member app (member exports (module electron)))"
      },
      {
        "value": "electron"
      },
      {
        "value": "ready"
      },
      {
        "value": "1"
      }
    ],
    [
      {
        "value": "listen"
      },
      {
        "value": "(member app (member exports (module electron)))"
      },
      {
        "value": "electron"
      },
      {
        "value": "window-all-closed"
      },
      {
        "value": "1"
      }
    ],
    [
      {
        "value": "listen"
      },
      {
        "value": "(member app (member exports (module electron)))"
      },
      {
        "value": "electron"
      },
      {
        "value": "activate"
      },
      {
        "value": "1"
      }
    ],
    [
      {
        "value": "listen"
      },
      {
        "value": "(instance (member BrowserWindow (member exports (module electron))))"
      },
      {
        "value": "electron"
      },
      {
        "value": "closed"
      },
      {
        "value": "1"
      }
    ]
  ]
}