{
  "project": {
    "id": 125908603,
    "url-identifier": "g/xeodou/gulp-atom",
    "name": "xeodou/gulp-atom",
    "url": "https://lgtm.com/projects/g/xeodou/gulp-atom"
  },
  "columns": [
    "type",
    "ap",
    "pkgName",
    "eventName",
    "cnt"
  ],
  "data": [
    [
      {
        "value": "emit"
      },
      {
        "value": "(return (member obj (member exports (module through2))))"
      },
      {
        "value": "through2"
      },
      {
        "value": "error"
      },
      {
        "value": "3"
      }
    ],
    [
      {
        "value": "listen"
      },
      {
        "value": "(member exports (module app))"
      },
      {
        "value": "app"
      },
      {
        "value": "ready"
      },
      {
        "value": "1"
      }
    ],
    [
      {
        "value": "listen"
      },
      {
        "value": "(member exports (module app))"
      },
      {
        "value": "app"
      },
      {
        "value": "window-all-closed"
      },
      {
        "value": "1"
      }
    ],
    [
      {
        "value": "listen"
      },
      {
        "value": "(instance (member exports (module browser-window)))"
      },
      {
        "value": "browser-window"
      },
      {
        "value": "closed"
      },
      {
        "value": "1"
      }
    ],
    [
      {
        "value": "listen"
      },
      {
        "value": "(return (member exports (module gulp-coffee)))"
      },
      {
        "value": "gulp-coffee"
      },
      {
        "value": "error"
      },
      {
        "value": "1"
      }
    ],
    [
      {
        "value": "listen"
      },
      {
        "value": "(return (member exports (module grs)))"
      },
      {
        "value": "grs"
      },
      {
        "value": "error"
      },
      {
        "value": "1"
      }
    ],
    [
      {
        "value": "listen"
      },
      {
        "value": "(return (member spawn (member exports (module child_process))))"
      },
      {
        "value": "child_process"
      },
      {
        "value": "exit"
      },
      {
        "value": "1"
      }
    ],
    [
      {
        "value": "listen"
      },
      {
        "value": "(return (member on (return (member exports (module grs)))))"
      },
      {
        "value": "grs"
      },
      {
        "value": "size"
      },
      {
        "value": "1"
      }
    ],
    [
      {
        "value": "listen"
      },
      {
        "value": "(member stderr (return (member spawn (member exports (module child_process)))))"
      },
      {
        "value": "child_process"
      },
      {
        "value": "data"
      },
      {
        "value": "1"
      }
    ],
    [
      {
        "value": "listen"
      },
      {
        "value": "(member stdout (return (member spawn (member exports (module child_process)))))"
      },
      {
        "value": "child_process"
      },
      {
        "value": "data"
      },
      {
        "value": "1"
      }
    ],
    [
      {
        "value": "listen"
      },
      {
        "value": "(return (member pipe (return (member pipe (return (member src (member exports (module gulp))))))))"
      },
      {
        "value": "gulp"
      },
      {
        "value": "error"
      },
      {
        "value": "1"
      }
    ],
    [
      {
        "value": "listen"
      },
      {
        "value": "(return (member pipe (return (member pipe (return (member on (return (member on (return (member exports (module grs)))))))))))"
      },
      {
        "value": "grs"
      },
      {
        "value": "close"
      },
      {
        "value": "1"
      }
    ],
    [
      {
        "value": "listen"
      },
      {
        "value": "(return (member on (return (member pipe (return (member pipe (return (member on (return (member on (return (member exports (module grs)))))))))))))"
      },
      {
        "value": "grs"
      },
      {
        "value": "error"
      },
      {
        "value": "1"
      }
    ]
  ]
}