{
  "project": {
    "id": 1794680429,
    "url-identifier": "g/yoshuawuyts/newspeak",
    "name": "yoshuawuyts/newspeak",
    "url": "https://lgtm.com/projects/g/yoshuawuyts/newspeak"
  },
  "columns": [
    "type",
    "ap",
    "pkgName",
    "eventName",
    "cnt"
  ],
  "data": [
    [
      {
        "value": "emit"
      },
      {
        "value": "(parameter -1 (member exports (module newspeak)))"
      },
      {
        "value": "newspeak"
      },
      {
        "value": "update"
      },
      {
        "value": "1"
      }
    ],
    [
      {
        "value": "emit"
      },
      {
        "value": "(instance (member exports (module newspeak)))"
      },
      {
        "value": "newspeak"
      },
      {
        "value": "update"
      },
      {
        "value": "1"
      }
    ],
    [
      {
        "value": "emit"
      },
      {
        "value": "(parameter -1 (member language (instance (member exports (module newspeak)))))"
      },
      {
        "value": "newspeak"
      },
      {
        "value": "update"
      },
      {
        "value": "1"
      }
    ],
    [
      {
        "value": "listen"
      },
      {
        "value": "(parameter -1 (member exports (module newspeak)))"
      },
      {
        "value": "newspeak"
      },
      {
        "value": "update"
      },
      {
        "value": "1"
      }
    ],
    [
      {
        "value": "listen"
      },
      {
        "value": "(instance (member exports (module newspeak)))"
      },
      {
        "value": "newspeak"
      },
      {
        "value": "update"
      },
      {
        "value": "1"
      }
    ]
  ]
}