{
  "project": {
    "id": 1506759496090,
    "url-identifier": "g/yiwenl/Codevember",
    "name": "yiwenl/Codevember",
    "url": "https://lgtm.com/projects/g/yiwenl/Codevember"
  },
  "columns": [
    "type",
    "ap",
    "pkgName",
    "eventName",
    "cnt"
  ],
  "data": [
    [
      {
        "value": "listen"
      },
      {
        "value": "(return (member exports (module watchify)))"
      },
      {
        "value": "watchify"
      },
      {
        "value": "update"
      },
      {
        "value": "1"
      }
    ],
    [
      {
        "value": "listen"
      },
      {
        "value": "(return (member exports (module gulp-ruby-sass)))"
      },
      {
        "value": "gulp-ruby-sass"
      },
      {
        "value": "error"
      },
      {
        "value": "1"
      }
    ],
    [
      {
        "value": "listen"
      },
      {
        "value": "(return (member watch (member exports (module gulp))))"
      },
      {
        "value": "gulp"
      },
      {
        "value": "change"
      },
      {
        "value": "1"
      }
    ],
    [
      {
        "value": "listen"
      },
      {
        "value": "(return (member bundle (return (member exports (module watchify)))))"
      },
      {
        "value": "watchify"
      },
      {
        "value": "error"
      },
      {
        "value": "1"
      }
    ],
    [
      {
        "value": "listen"
      },
      {
        "value": "(return (member bundle (return (member transform (return (member exports (module browserify)))))))"
      },
      {
        "value": "browserify"
      },
      {
        "value": "error"
      },
      {
        "value": "1"
      }
    ]
  ]
}