{
  "project": {
    "id": 1511208738438,
    "url-identifier": "g/zinen/rabatten-scraper",
    "name": "zinen/rabatten-scraper",
    "url": "https://lgtm.com/projects/g/zinen/rabatten-scraper"
  },
  "columns": [
    "type",
    "ap",
    "pkgName",
    "eventName",
    "cnt"
  ],
  "data": [
    [
      {
        "value": "listen"
      },
      {
        "value": "(promised (return (member newPage (promised (return (member launch (member exports (module puppeteer))))))))"
      },
      {
        "value": "puppeteer"
      },
      {
        "value": "request"
      },
      {
        "value": "1"
      }
    ]
  ]
}