{
  "project": {
    "id": 1510344846372,
    "url-identifier": "g/ztolley/bed_time_fairy_alexa",
    "name": "ztolley/bed_time_fairy_alexa",
    "url": "https://lgtm.com/projects/g/ztolley/bed_time_fairy_alexa"
  },
  "columns": [
    "type",
    "ap",
    "pkgName",
    "eventName",
    "cnt"
  ],
  "data": [
    [
      {
        "value": "listen"
      },
      {
        "value": "(return (member exports (module archiver)))"
      },
      {
        "value": "archiver"
      },
      {
        "value": "error"
      },
      {
        "value": "1"
      }
    ],
    [
      {
        "value": "listen"
      },
      {
        "value": "(return (member createWriteStream (member exports (module fs))))"
      },
      {
        "value": "fs"
      },
      {
        "value": "close"
      },
      {
        "value": "1"
      }
    ]
  ]
}