{
  "project": {
    "id": 1512078538530,
    "url-identifier": "g/zenflow/composite-http-server",
    "name": "zenflow/composite-http-server",
    "url": "https://lgtm.com/projects/g/zenflow/composite-http-server"
  },
  "columns": [
    "type",
    "ap",
    "pkgName",
    "eventName",
    "cnt"
  ],
  "data": [
    [
      {
        "value": "listen"
      },
      {
        "value": "(return (member exports (module merge-stream)))"
      },
      {
        "value": "merge-stream"
      },
      {
        "value": "data"
      },
      {
        "value": "3"
      }
    ]
  ]
}