{
  "project": {
    "id": 1512103056196,
    "url-identifier": "g/zenflow/bpb",
    "name": "zenflow/bpb",
    "url": "https://lgtm.com/projects/g/zenflow/bpb"
  },
  "columns": [
    "type",
    "ap",
    "pkgName",
    "eventName",
    "cnt"
  ],
  "data": [
    [
      {
        "value": "listen"
      },
      {
        "value": "(return (member pipe (return (member exports (module flatstream)))))"
      },
      {
        "value": "flatstream"
      },
      {
        "value": "error"
      },
      {
        "value": "1"
      }
    ]
  ]
}