{
  "project": {
    "id": 1513186041812,
    "url-identifier": "g/zinen/node-red-contrib-hue-tunable-white",
    "name": "zinen/node-red-contrib-hue-tunable-white",
    "url": "https://lgtm.com/projects/g/zinen/node-red-contrib-hue-tunable-white"
  },
  "columns": [
    "type",
    "ap",
    "pkgName",
    "eventName",
    "cnt"
  ],
  "data": [
    [
      {
        "value": "listen"
      },
      {
        "value": "(parameter -1 (parameter 1 (member registerType (member nodes (parameter 0 (member exports (module node-red-contrib-hue-tunable-white)))))))"
      },
      {
        "value": "node-red-contrib-hue-tunable-white"
      },
      {
        "value": "input"
      },
      {
        "value": "1"
      }
    ]
  ]
}